順位,商品名,価格,店舗名,商品コード,itemUrl
1,【送料無料】【公式】ヨックモック サンク デリス 5種 40個入り ハロウィン ばらまき 秋 スイーツ お歳暮 プレゼント ギフト プチギフト クッキー 洋菓子 お菓子 焼き菓子 詰め合わせ 手土産 個包装 お取り寄せ お礼 お祝い,3564,ヨックモック　楽天市場店,yokumoku:10000435,https://item.rakuten.co.jp/yokumoku/1010011309010/?rafcid=wsc_i_ra_1023124763673215282
2,すごいゼロ珈琲寒天ゼリー6食ダイエット食品　ギルトフリーデザート　ミルク風味シロップ付き　ゼロカロリー　ダイエット　糖質制限　ダイエットフード　珈琲ゼリー　コーヒーゼリー 夜食　おやつ　人工甘味料不使用 母の日 ぷるるん姫　チュチュル　ヘルシースタイル,1000,ぷるるん姫楽天市場店,pururunhime:10000950,https://item.rakuten.co.jp/pururunhime/coffee6p/?rafcid=wsc_i_ra_1023124763673215282
3,【公式】ヨックモック ハロウィン シガール 20本入り ハロウィン ばらまき 秋 スイーツ お歳暮 プレゼント ギフト プチギフト クッキー 洋菓子 お菓子 焼き菓子 詰め合わせ 手土産 個包装 お取り寄せ お礼 お祝い,1998,ヨックモック　楽天市場店,yokumoku:10000820,https://item.rakuten.co.jp/yokumoku/1010011220240/?rafcid=wsc_i_ra_1023124763673215282
4,ひととえ Hitotoe キュートセレクション【中島大祥堂 可愛い お菓子 Danke 洋菓子 ケーキ クッキー スイーツ かわいい おしゃれ 個包装 個別包装 職場 詰め合わせ ギフト 出産内祝 結婚内祝 菓子折り 差し入れ ご挨拶 人気 おすすめ】,1620,暮らしのギフト 「Lumiere」,friend-gift:10011115,https://item.rakuten.co.jp/friend-gift/10011115/?rafcid=wsc_i_ra_1023124763673215282
5,【送料無料】【公式】ヨックモック シガール 48本入り ハロウィン ばらまき 秋 スイーツ お歳暮 プレゼント ギフト プチギフト クッキー 洋菓子 お菓子 焼き菓子 詰め合わせ 手土産 個包装 お取り寄せ お礼 お祝い,4212,ヨックモック　楽天市場店,yokumoku:10000418,https://item.rakuten.co.jp/yokumoku/1010011201050/?rafcid=wsc_i_ra_1023124763673215282
6,送料無料 公式ショップ限定 福袋 オリヒロ ぷるんと蒟蒻ゼリー 6種 48本セット orihiro / 福箱 こんにゃくゼリー 詰め合わせ まとめ買い ギフト フルーツ おやつ,4580,オリヒロ健康食品ショップ,orihiro:10002308,https://item.rakuten.co.jp/orihiro/10002308/?rafcid=wsc_i_ra_1023124763673215282
7,Cream Sandies 10個入 クリームサンディーズ [select2] 【神戸六甲バターサンド専門店 ボンボンロケット公式】スイーツ ギフト 個包装 洋菓子 お中元 お歳暮 内祝い 誕生日 手土産 送料無料,6209,ボンボンロケット,bonbonrockett:10000011,https://item.rakuten.co.jp/bonbonrockett/compass1754634725/?rafcid=wsc_i_ra_1023124763673215282
8,フルッチョ　※10月下旬頃の発送　4種から選べる ペクチンゼリー チョコレート 各110g 送料無料 フルーツゼリー 大ボリューム 山盛り 業務用 お徳用 みかん 巨峰 ピーチ メロン,1000,ツボナキッチュ スイーツのお店,tsubona:10001284,https://item.rakuten.co.jp/tsubona/fruitcho/?rafcid=wsc_i_ra_1023124763673215282
9,ポイント20倍！10/15 10:00~10/18 09:59【即日発送】 最強 翌日配送 お菓子 ワッフル ケーキ 10個 翌日配達 誕生日プレゼント お返し ギフト 洋菓子 内祝い お礼 お取り寄せスイーツ 冷凍 挨拶 おしゃれ かわいい 詰め合わせ ギフトセット おかし 焼き菓子 手土産,2980,ワッフル・ケーキの店R．L,rl-waffle:10002451,https://item.rakuten.co.jp/rl-waffle/t-fw-0-w0010/?rafcid=wsc_i_ra_1023124763673215282
10,【送料無料】【公式】ヨックモック シス デリス 6種 50個入り ハロウィン ばらまき 秋 スイーツ お歳暮 プレゼント ギフト プチギフト クッキー 洋菓子 お菓子 焼き菓子 詰め合わせ 手土産 個包装 お取り寄せ お礼 お祝い,4752,ヨックモック　楽天市場店,yokumoku:10000905,https://item.rakuten.co.jp/yokumoku/1010011309120/?rafcid=wsc_i_ra_1023124763673215282
11,セット内容リニューアル！送料無料 公式ショップ限定 福袋 オリヒロ ぷるんと蒟蒻ゼリー 4種 32本セット orihiro こんにゃくゼリー 詰め合わせ まとめ買い ギフト フルーツ おやつ 食べることが好き,3198,オリヒロ健康食品ショップ,orihiro:10002336,https://item.rakuten.co.jp/orihiro/10002328/?rafcid=wsc_i_ra_1023124763673215282
12,【公式】ヨックモック ガトー アミカル 3種 16個入り ハロウィン ばらまき 秋 スイーツ お歳暮 プレゼント ギフト プチギフト クッキー 洋菓子 お菓子 焼き菓子 詰め合わせ 手土産 個包装 お取り寄せ お礼 お祝い,1620,ヨックモック　楽天市場店,yokumoku:10000950,https://item.rakuten.co.jp/yokumoku/1010011225100/?rafcid=wsc_i_ra_1023124763673215282
13,誕生日 ワッフル10種 誕生日プレゼント お祝い お誕生日 ミニケーキ お菓子 スイーツ 内祝い お返し プレゼント 洋菓子 送料無料 ワッフル ワッフルケーキ ギフト お誕生日ケーキ かわいい,3000,ワッフル・ケーキの店R．L,rl-waffle:10002578,https://item.rakuten.co.jp/rl-waffle/fw-0-w0010-cd/?rafcid=wsc_i_ra_1023124763673215282
14,10月3日(金)20:00〜17日(金)11:59 期間限定セール【52%OFF＆送料込み】たらみ おいしい蒟蒻ゼリー PREMIUM+ ぶどう＆マスカット 30個(5箱)セット パウチ ゼリー飲料 低カロリー まとめ買い,3380,たらみオンラインSHOP楽天市場店,jelly83:10001146,https://item.rakuten.co.jp/jelly83/10001146/?rafcid=wsc_i_ra_1023124763673215282
15,【お歳暮 早割 ポイント12倍 10/25まで】誕生日 プレゼント ギフト スイーツ アイス お菓子 健康 ヘルシー ケーキ 高級 洋菓子 食べ物 かわいい デザート プレゼント 送料無料 出産 内祝い おしゃれ チーズケーキ 母親 女性 / 乳酸菌スイーツアソート,3480,パティスリー天使のおくりもの,tenshi-okurimono:10001239,https://item.rakuten.co.jp/tenshi-okurimono/te015_healthy_sweets_assort/?rafcid=wsc_i_ra_1023124763673215282
16,＼P3倍／ プリン お歳暮 ギフト スイーツ 財宝 プレミアムプリン 6個入 御歳暮 送料無料 お菓子 プレゼント 贈り物 誕生日 内祝い お取り寄せスイーツ 6種 抹茶 チョコ 紅はるか チーズ 生キャラメル ハロウィン,2980,財宝公式通販　楽天市場店,zaiho:10000270,https://item.rakuten.co.jp/zaiho/487-c1/?rafcid=wsc_i_ra_1023124763673215282
17,【公式】ヨックモック ハチ公 プティ シガール 16本入り ハロウィン ばらまき 秋 スイーツ お歳暮 プレゼント ギフト プチギフト クッキー 洋菓子 お菓子 焼き菓子 詰め合わせ 手土産 個包装 お取り寄せ お礼 お祝い,1404,ヨックモック　楽天市場店,yokumoku:10000941,https://item.rakuten.co.jp/yokumoku/1010011221180/?rafcid=wsc_i_ra_1023124763673215282
18,【公式】ヨックモック バトー ドゥ マカダミア 16枚入り ハロウィン ばらまき 秋 スイーツ お歳暮 プレゼント ギフト プチギフト クッキー 洋菓子 お菓子 焼き菓子 詰め合わせ 手土産 個包装 お取り寄せ お礼 お祝い,2160,ヨックモック　楽天市場店,yokumoku:10000432,https://item.rakuten.co.jp/yokumoku/1010011304000/?rafcid=wsc_i_ra_1023124763673215282
19,【送料無料】ワッフル ケーキ 10個 | お菓子 洋菓子 詰め合わせ ギフト 内祝い ワッフルケーキ スイーツ お取り寄せスイーツ 誕生日プレゼント かわいい おしゃれ 手土産 退職 お世話になりました,2980,ワッフル・ケーキの店R．L,rl-waffle:10000033,https://item.rakuten.co.jp/rl-waffle/w0010/?rafcid=wsc_i_ra_1023124763673215282
20,【公式】ヨックモック シガール 14本入り ハロウィン ばらまき 秋 スイーツ お歳暮 プレゼント ギフト プチギフト クッキー 洋菓子 お菓子 焼き菓子 詰め合わせ 手土産 個包装 お取り寄せ お礼 お祝い,1209,ヨックモック　楽天市場店,yokumoku:10000415,https://item.rakuten.co.jp/yokumoku/1010011201010/?rafcid=wsc_i_ra_1023124763673215282
21,銀座千疋屋　銀座ゼリー（9個入り）［2024楽天グルメ大賞受賞］［送料無料］［ポイント2倍］～ クリスマス お歳暮 ゼリー ギフト 詰め合わせ 贈り物 フルーツ スイーツ プレゼント お菓子 内祝い 誕生日 お祝い 御礼 快気内祝 お見舞い 送料無料 千疋屋 ～,3240,銀座千疋屋,1894ginza-sembikiya:10000240,https://item.rakuten.co.jp/1894ginza-sembikiya/10000240/?rafcid=wsc_i_ra_1023124763673215282
22,【公式】ヨックモック プティ サンク デリス 5種 25個入り ハロウィン ばらまき 秋 スイーツ お歳暮 プレゼント ギフト プチギフト クッキー 洋菓子 お菓子 焼き菓子 詰め合わせ 手土産 個包装 お取り寄せ お礼 お祝い,2484,ヨックモック　楽天市場店,yokumoku:10000434,https://item.rakuten.co.jp/yokumoku/1010011309000/?rafcid=wsc_i_ra_1023124763673215282
23,ハロウィン お菓子 プレゼント ギフト 詰め合わせ 個包装 スイーツ 2025東京風月堂 ハロウィンガトーセック,594,東京風月堂,tokyo-fugetsudo:10001615,https://item.rakuten.co.jp/tokyo-fugetsudo/halloween-03/?rafcid=wsc_i_ra_1023124763673215282
24,10/3(金)20:00〜17(金)11:59 期間限定セール【52%OFF＆送料込み】たらみ 0kcal おいしい杏仁マンゴー 150g 30個(5箱)セット カロリーゼロ パウチ ゼリー飲料 まとめ買い,3380,たらみオンラインSHOP楽天市場店,jelly83:10001135,https://item.rakuten.co.jp/jelly83/10001135/?rafcid=wsc_i_ra_1023124763673215282
25,【公式】ヨックモック シガール 20本入り ハロウィン ばらまき 秋 スイーツ お歳暮 プレゼント ギフト プチギフト クッキー 洋菓子 お菓子 焼き菓子 詰め合わせ 手土産 個包装 お取り寄せ お礼 お祝い,1836,ヨックモック　楽天市場店,yokumoku:10000416,https://item.rakuten.co.jp/yokumoku/1010011201030/?rafcid=wsc_i_ra_1023124763673215282
26,★秋スイーツ★お歳暮 に人気♪ 個包装 加賀野菜の 無添加 スイートポテト加賀の芋菓子★15個入り★送料無料★スイーツ ギフト お取り寄せ 詰め合わせ 内祝い お礼 お祝い お返し 誕生日 お供え プレゼントランキング 加賀野菜 五郎島金時,3600,加賀彩,muraikashiho:10001688,https://item.rakuten.co.jp/muraikashiho/pote15/?rafcid=wsc_i_ra_1023124763673215282
27,＼お買い物マラソン★ポイント5倍／ 〜 銀座千疋屋 ひとくちフルーツゼリー （24個入） ギフト フルーツ グミ 内祝い 人気 結婚祝い 結婚内祝い 出産祝い 出産内祝い 快気 お祝い スイーツ おいしい 手土産 お供え 有名 お礼 お菓子 お歳暮 〜,1380,ギフトリアン,gift-lien:10004302,https://item.rakuten.co.jp/gift-lien/sen16/?rafcid=wsc_i_ra_1023124763673215282
28,☆ハロウィン5％OFFクーポン☆【ロッテ公式】食べきりサイズチョコ バラエティ セット | 詰め合わせ チョコ チョコレート お菓子 かわいい 大量 小分け 小袋 個包装 プレゼント ギフト プチギフト 福袋 2025 ハロウィン,2980,ロッテ楽天市場店,lotteshop:10000332,https://item.rakuten.co.jp/lotteshop/107096/?rafcid=wsc_i_ra_1023124763673215282
29,【送料無料】【公式】ヨックモック フィナンシェ ランゴ・ドール 2種 6本入り（メール便対応） ハロウィン ばらまき 秋 スイーツ お歳暮 プレゼント フィナンシェ お試し 自宅用 メール便 1000円ぽっきり ポストイン お取り寄せ ギフト プチギフト クッキー,1000,ヨックモック　楽天市場店,yokumoku:10000942,https://item.rakuten.co.jp/yokumoku/1010020100140/?rafcid=wsc_i_ra_1023124763673215282
30,【公式】ヨックモック シガール 30本入り ハロウィン ばらまき 秋 スイーツ お歳暮 プレゼント ギフト プチギフト クッキー 洋菓子 お菓子 焼き菓子 詰め合わせ 手土産 個包装 お取り寄せ お礼 お祝い,2700,ヨックモック　楽天市場店,yokumoku:10000417,https://item.rakuten.co.jp/yokumoku/1010011201040/?rafcid=wsc_i_ra_1023124763673215282
