順位,商品名,価格,店舗名,商品コード,itemUrl,レビュー数
1,ニップン めちゃラク レンジでクレープミックス 70g×4個,1000,生活クリエイト　暮らしの専門店,seikatsu-create:10001201,https://item.rakuten.co.jp/seikatsu-create/2025092205/?rafcid=wsc_i_is_1023124763673215282,0
2,内祝 お祝い 贈り物｜いろどり野菜のおかき (IR-2N)｜｜内祝い お返し お礼 お祝い 出産内祝い,2970,本舗 Online Store,oiwaiya:10180536,https://item.rakuten.co.jp/oiwaiya/ha-m7052-03/?rafcid=wsc_i_is_1023124763673215282,0
3,園田食品 あくまき 20本メーカー直送 代引不可 同梱不可 日付指定不可,12744,オーリック,kinko:10034108,https://item.rakuten.co.jp/kinko/243706/?rafcid=wsc_i_is_1023124763673215282,0
4,【ふるさと納税】宇治の茶団子12本と米粉のもちもちどら焼き(抹茶きな粉餡)10個 | 西宮 老舗和菓子店 宇治抹茶使用 米粉生地 和菓子詰合せ 人気 おすすめ 茶団子 どら焼き 抹茶 きなこ ギフト お取り寄せ 通販 送料無料 ふるさと納税,14000,兵庫県西宮市,f282049-nishinomiya:10000689,https://item.rakuten.co.jp/f282049-nishinomiya/eq002/?rafcid=wsc_i_is_1023124763673215282,0
5,全珍 4枚姿フライ [1箱 10個入] 【いか お菓子 駄菓子 おつまみ まとめ買い】,1078,ミカミオンラインショップ,3upmikami:10006382,https://item.rakuten.co.jp/3upmikami/4973508914109-m/?rafcid=wsc_i_is_1023124763673215282,0
6,ピーターラビットTM コーヒー＆スイーツギフト PSGー30N ラッピング無料 のし無料 メッセージカード無料 ギフト 洋菓子 焼き菓子 コーヒー 内祝い 贈り物 お返し 御礼 出産 歳暮 中元 見舞い プレゼント 法事 快気 セット A31,3375,ファッションPetit＆ギフト,petitcaprice:10020988,https://item.rakuten.co.jp/petitcaprice/ss24-0450-044/?rafcid=wsc_i_is_1023124763673215282,0
7,寒づくりいよかんゼリー12個入り,4800,愛媛みかんの「のま果樹園」,kajuen:10008186,https://item.rakuten.co.jp/kajuen/190062/?rafcid=wsc_i_is_1023124763673215282,0
8,穂のなごみ 米菓詰合せ BK-EO L9109564｜せんべい5種 各15g×4袋（計20袋）｜国産米100%使用｜ギフト/香典返し/内祝い/和菓子/常温保存120日/送料無料,4416,プラスワンインテリア,morimatsu:10002100,https://item.rakuten.co.jp/morimatsu/4951648013951/?rafcid=wsc_i_is_1023124763673215282,0
9,無双本葛100％ ムソー,764,marche du monde 世界のマルシェ,sekamaru:10007044,https://item.rakuten.co.jp/sekamaru/muso-honkuzu-110-1/?rafcid=wsc_i_is_1023124763673215282,0
10,【送料込み】【送料無料！】なだ万監修 輪の絆 和三盆 バウムクーヘン【出産内祝 内祝い お返し お祝い返し 返礼】【手土産 日持ち おすすめ 七五三 七五三内祝 入学内祝い】【ギフトセット スイーツ 和菓子 洋菓子 老舗 料亭 スイーツセット バームクーヘン】,2500,ナカムラ赤ちゃん店楽天市場店,babyshop:10035989,https://item.rakuten.co.jp/babyshop/801809/?rafcid=wsc_i_is_1023124763673215282,0
11,キャラバンコーヒー カフェタイムセット【出産内祝い 内祝いギフト】【出産祝い お返し 返礼 入学内祝い 進学内祝い 結婚内祝い】【御中元 お中元 洋菓子 お菓子 ギフトセット 人気】【送料込み 送料無料（※沖縄、離島は除く)】,1960,マタニティ＆ベビー apibaby store,okauchi-api:10012728,https://item.rakuten.co.jp/okauchi-api/15a0294/?rafcid=wsc_i_is_1023124763673215282,0
12,モナン へーゼルナッツシロップ 瓶 700ml,1761,なないろ九州,nanairo-kyusyu:10000200,https://item.rakuten.co.jp/nanairo-kyusyu/170267/?rafcid=wsc_i_is_1023124763673215282,0
13,《セット販売》　和歌山産業 蔵王高原農園 いつものナタデココ (120g)×10個セット ナタデココシロップ漬け デザート お菓子　※軽減税率対象商品,1296,ドラッグストアウェルネス,wellness-web:10160735,https://item.rakuten.co.jp/wellness-web/10170148/?rafcid=wsc_i_is_1023124763673215282,0
14,コンビネーションギフト ベイクドスイーツセレクション&今治タオルセット (MJ3-BT2),6886,イースクエア,e-squ:14104095,https://item.rakuten.co.jp/e-squ/bn000003757/?rafcid=wsc_i_is_1023124763673215282,0
15,はごろも　シーチキンギフト 贈答品 ギフト 贈り物,6860,Shop-Polori 楽天市場店,polori:10041164,https://item.rakuten.co.jp/polori/shaddy-25-0466-040/?rafcid=wsc_i_is_1023124763673215282,0
16,カロリーメイト ブロック 4本入 アソートパック 20箱入 コストコ,5151,SMiTH 楽天市場店,smithshop:10000346,https://item.rakuten.co.jp/smithshop/costco09171/?rafcid=wsc_i_is_1023124763673215282,0
17,(地域限定送料無料)【50袋】お菓子 詰め合わせ 透明袋 袋詰め さんきゅーマーチ (omtma9319x50k)【お菓子詰め合わせ 駄菓子 お祭り 子ども会 イベント 問屋 販促 縁日 子供会 こども会 個包装 業務用 大量 バラまき スナック 旅行 まとめ買い 詰合せ 景品 ばらまき】,9720,さんきゅーマーチ,39march:10025870,https://item.rakuten.co.jp/39march/omtma9319x50k/?rafcid=wsc_i_is_1023124763673215282,0
18,★送料無料★King Islandココナッツチップス コーヒー味 40gx4袋 ローストココナッツチップス King Island,1490,韓国のりジャパン,knorij:10000173,https://item.rakuten.co.jp/knorij/mini-19/?rafcid=wsc_i_is_1023124763673215282,0
19,【本日楽天ポイント4倍相当】【メール便で送料無料でお届け 代引き不可】ノーベル製菓株式会社　VC-3000のど飴ピンクグレープフルーツ 90g＜ノンシュガー＞,471,神戸たんぽぽ薬房,koubetanpopo:10143260,https://item.rakuten.co.jp/koubetanpopo/te_4902124680433/?rafcid=wsc_i_is_1023124763673215282,0
20,ヴィーガン生チョコレート（プレーン） 〜 バレンタイン ギフト 手土産 スイーツ チョコレート 乳製品アレルギー アレルギー 乳製品不使用 卵不使用 小麦不使用 乳化剤不使用 白砂糖不使用 ビーガン グルテンフリー 糖質制限 〜,1380,Coco ChouChou楽天市場店,cocochouchou:10000167,https://item.rakuten.co.jp/cocochouchou/chocolat12/?rafcid=wsc_i_is_1023124763673215282,0
21,よっちゃん食品工業 けんこうかむかむ 125g 2個セット,4100,おつまみと駄菓子の店 families-c,families-circle:10317391,https://item.rakuten.co.jp/families-circle/2415-004353/?rafcid=wsc_i_is_1023124763673215282,0
22,大阪京菓 ZRxケロッグ　380G 素材まるごとグラノラ脂質70％オフ×36個【xe】【送料無料（沖縄は別途送料）】,28346,大阪京菓楽天市場店,osaka:10351222,https://item.rakuten.co.jp/osaka/4901113103045xes5/?rafcid=wsc_i_is_1023124763673215282,0
23,自家挽きアーモンドのガトーセレクション(24個) 184 (-0386-071-) | 内祝い ギフト 出産内祝い 引き出物 結婚内祝い 快気祝い お返し 志,3224,まごころギフトたばき,magokorotabaki:10658783,https://item.rakuten.co.jp/magokorotabaki/sd-gg-801292/?rafcid=wsc_i_is_1023124763673215282,0
24,ブルボン ロアンヌバニラ 12枚（2枚×6袋） 36コ入り 2022/10/25発売 (4901360348954c),9296,おかしのマーチ,okashinomarch:10031892,https://item.rakuten.co.jp/okashinomarch/4901360348954c/?rafcid=wsc_i_is_1023124763673215282,0
25,しっとり焼き干し芋 150g×1袋＆しっとり甘い干し芋 52g×2袋 計3袋詰め合わせセット 干しいも やわらかい スティック 自然な甘み まろやか 和菓子 スイーツ さつまいも 笑顔 壮関【メール便送料無料】,1080,みどり商店,midorisyoten:10004611,https://item.rakuten.co.jp/midorisyoten/228-010-042-3ma/?rafcid=wsc_i_is_1023124763673215282,0
26,スイーツアンジュ 美食スイーツタイム＜2000＞ギフト 8種類 10個 退職 お菓子 ワッフル ドーナツ ブッセ 洋菓子 詰め合わせ 内祝い お祝い 手土産 引き出物 お詫び 帰省 仏事 志 香典返し 御供 お供え 満中陰志 粗供養 無料のし 無料包装 選べる包装紙,1944,内祝い・お返しならシンセアギフト,sincere:10054556,https://item.rakuten.co.jp/sincere/10054556/?rafcid=wsc_i_is_1023124763673215282,0
27,【ポイント5倍】匠や本舗 美食バウムクーヘン ギフトセット【結婚内祝い 引出物 寿 引き出物 新築内祝い 出産内祝い 内祝い お祝い お祝い返し ギフト 出産祝い お返し 返礼 快気祝 快気内祝い 御挨拶】【御歳暮 お歳暮 寒中御見舞】【送料無料 送料込み】,3360,内祝いギフト専門店AGERU,ageru:10003043,https://item.rakuten.co.jp/ageru/706357c/?rafcid=wsc_i_is_1023124763673215282,0
28,【ふるさと納税】サブレ6種詰め合わせBOX お菓子 スイーツ セット ギフト 手作り ふるさと納税 クッキー サブレ 詰め合わせ,21000,大阪府泉南市,f272281-sennan:10001406,https://item.rakuten.co.jp/f272281-sennan/10001392/?rafcid=wsc_i_is_1023124763673215282,0
29,(地域限定送料無料) 業務用 ロッテ ベーシック バリューチョコレート 4L 3コ入り (冷凍)(590021684ck),15120,さんきゅーマーチ,39march:10014043,https://item.rakuten.co.jp/39march/590021684ck/?rafcid=wsc_i_is_1023124763673215282,0
30,"フィラデルフィア キャンディーズ ラズベリー メルタウェイ トリュフ、ダーク チョコレート 1 ポンド ギフト ボックス Philadelphia Candies Raspberry Meltaway Truffles, Dark Chocolate 1 pound Gift Box",11193,Glomarket,glomarket:10344548,https://item.rakuten.co.jp/glomarket/10344548/?rafcid=wsc_i_is_1023124763673215282,0
31,おいしさいろいろ ギフト Premium Gift　お中元 引き出物 引出物 出産祝い 出産内祝い 内祝い お歳暮 快気祝い 快気内祝い お返し ご挨拶 新築内祝い 香典返し,2700,23D FACTORY ＆ 和ブランドKIRISA,23d-factory:10001445,https://item.rakuten.co.jp/23d-factory/7637-044/?rafcid=wsc_i_is_1023124763673215282,0
32,"【アメリカウォルマート品】トスティトス カンティーナ トルティーヤチップス シン＆クリスプ 425.2g Tostitos Cantina Thin and Crispy Tortilla Chips, Party Size, 15 oz Bag 【お取り寄せ商品】【合わせて買いたい】",1572,カリフォルニアスマイル,cmga:10012780,https://item.rakuten.co.jp/cmga/wm-22988/?rafcid=wsc_i_is_1023124763673215282,0
33,"ベアベイククランチアップルチップス、グラニースミス、グルテンフリー、3.4オンス袋、6個入り Bare Baked Crunchy Apple Chips, Granny Smith, Gluten Free, 3.4 Ounce Bag, 6 Count",10339,Glomarket,glomarket:10006169,https://item.rakuten.co.jp/glomarket/10006169/?rafcid=wsc_i_is_1023124763673215282,0
34,内祝い お返し スイーツ ギフト お菓子 和菓子 セット 詰め合わせ えびせん 赤えび 海老 せんべい 煎餅 ノンフライ 米菓 個包装 食品 食べ物 出産内祝い 結婚内祝い 結婚祝い 出産祝い 香典返し 快気祝い お礼 EYG-CR お歳暮,1812,ジャパンギフト,japangift:10500012,https://item.rakuten.co.jp/japangift/trgcb143-027/?rafcid=wsc_i_is_1023124763673215282,0
35,臥龍鍋巴(爆辣味) 【3点セット】激辛おこげ 中国の米料理の一つである おつまみ 軽食 200g×3点,1690,東洋ツバメの巣,yanwo:10002111,https://item.rakuten.co.jp/yanwo/28gb-bl-3-wl/?rafcid=wsc_i_is_1023124763673215282,0
36,和 フィナンシェ 18個 焼菓子 お菓子 スイーツ ギフト 新築内祝い 両親 お返し 職場 半返し ママ友 身内 品物 快気祝い 快気内祝い 就職祝い お見舞い お返し 退院祝い お礼 プレゼント 50代 お供え 通販 還暦 古希 (SD) 軽 5000円 香典返し 七五三 誕生日,4400,お返しギフトと内祝いのアイプレ,i-preshop2:10002431,https://item.rakuten.co.jp/i-preshop2/17-0462-120-2/?rafcid=wsc_i_is_1023124763673215282,0
37,大阪京菓 ZRxカルビー　105G クリスプうましお味×24個【xwa5】【送料無料（沖縄は別途送料）】,7838,大阪京菓楽天市場店,osaka:10378416,https://item.rakuten.co.jp/osaka/4901330621032xw/?rafcid=wsc_i_is_1023124763673215282,0
38,ギフト スイーツ ジェラート 干し芋ジェラート12個 送料無料 冷凍便 生産元直送のため同梱不可 山形 マルノー食品 アイスクリーム,5499,まるごと山形,yamagatamaru:10009470,https://item.rakuten.co.jp/yamagatamaru/jset-dryimo12/?rafcid=wsc_i_is_1023124763673215282,0
39,明治マカダミアチョコレート 132粒 ct52694,5225,コスト オンライン 創,soukikaku:10006020,https://item.rakuten.co.jp/soukikaku/ct52694/?rafcid=wsc_i_is_1023124763673215282,0
40,まとめ買い 創健社 ポテトチップス うす塩味 60g 20袋セット 国産ジャガイモ100%使用 植物油使用 海水塩使用 おやつ 安心 安全☆★,4350,Webby,webby:14657240,https://item.rakuten.co.jp/webby/50863392/?rafcid=wsc_i_is_1023124763673215282,0
41,大阪京菓 ZRx大阪前田　1個 チーズケーキ×24個【xwa5】【送料無料（沖縄は別途送料）】,11925,大阪京菓楽天市場店,osaka:10376671,https://item.rakuten.co.jp/osaka/4901147407584xwa5/?rafcid=wsc_i_is_1023124763673215282,0
42,【ポイント5倍】京・伏見 三源庵 抹茶金箔カステラ【出産内祝い 内祝い お祝い お祝い返し ギフト】【出産祝い お返し 返礼 結婚内祝い 新築内祝い 成人内祝い 初節句内祝 快気祝い】【お菓子 和菓子 人気 スイーツ 焼き菓子 カステラセット】【送料無料 送料込み】,3364,内祝いギフト専門店コウノトリ,averl:10008452,https://item.rakuten.co.jp/averl/700282_ss/?rafcid=wsc_i_is_1023124763673215282,0
43,【15個セット】 モンデリーズ ホールズ ハイパーミント 12粒 x15コ(代引不可),4040,リコメン堂,rcmd:35589828,https://item.rakuten.co.jp/rcmd/qk-4547894417256/?rafcid=wsc_i_is_1023124763673215282,0
44,松屋総本店 宮崎製菓 家傳開運のど飴 70g×5個 [ゆうパケット・送料無料],1730,福薬本舗　健康館,fukuyakuhonpo:10069425,https://item.rakuten.co.jp/fukuyakuhonpo/4978967019006-5/?rafcid=wsc_i_is_1023124763673215282,0
45,【ポイント5倍】烏鶏庵 烏骨鶏かすていら＆バームクーヘン詰合せ（木箱入）【結婚内祝い 引出物 寿 引き出物 新築内祝い 出産内祝い 内祝い お祝い お祝い返し ギフト 出産祝い お返し 返礼 快気祝 御挨拶】【御歳暮 お歳暮 寒中御見舞】【送料無料 送料込み】,13620,内祝いギフト専門店AGERU,ageru:10003035,https://item.rakuten.co.jp/ageru/706063c/?rafcid=wsc_i_is_1023124763673215282,0
46,【メール便送料無料】杉本屋製菓 まけんグミ サイダー味 15g入×20個セット＜じゃんけんぽんグミ＞(※プレゼントキャンペーンは終了している場合がございます),1369,N丁目薬品,n-yakuhin:10010109,https://item.rakuten.co.jp/n-yakuhin/4901818155196-20nki/?rafcid=wsc_i_is_1023124763673215282,0
47,大阪京菓 ZRxサンコー　100G 全粒粉クラッカー×60個【xrs5】【送料無料（沖縄は別途送料）】,27117,大阪京菓楽天市場店,osaka:10359444,https://item.rakuten.co.jp/osaka/4973728906106xrs5/?rafcid=wsc_i_is_1023124763673215282,0
48,【黒豆ものがたり】と-21　黒豆菓子　4箱入,2350,京の黒豆　北尾,kitaoshoji:10000411,https://item.rakuten.co.jp/kitaoshoji/to-21/?rafcid=wsc_i_is_1023124763673215282,0
49,沖縄 ブルーシールアイス　（12個入） ジェラート アイスクリーム アイス 人気 OKINAWAN 沖縄スイーツ 父の日 母の日 お中元 お歳暮 ギフト,5280,おとなの週末　お取り寄せ倶楽部,otoshuclub:10003872,https://item.rakuten.co.jp/otoshuclub/8501650/?rafcid=wsc_i_is_1023124763673215282,0
50,ロアカー　クワドラティーニ　ウエハース　ラズベリーヨーグルト　110g　12セット,7215,QUOLI,q-uoli:10545349,https://item.rakuten.co.jp/q-uoli/ba87-1684975/?rafcid=wsc_i_is_1023124763673215282,0
51,ジョリーランチャーズハードキャンディー1ポンド（ブルーラズベリー）,5198,Founder,founder:10019347,https://item.rakuten.co.jp/founder/ry23011007/?rafcid=wsc_i_is_1023124763673215282,0
52,井村屋 レンジで簡単ぜんざい＆壮関 国産 紅はるか 干し芋 計4袋 詰め合わせセット【メール便送料無料】,1130,みどり商店,midorisyoten:10002580,https://item.rakuten.co.jp/midorisyoten/228-010-043-4mb/?rafcid=wsc_i_is_1023124763673215282,0
53,カルビー　フルグラ　8個セット　8LINK,8100,Dream Store78,dreamstore78:10023365,https://item.rakuten.co.jp/dreamstore78/4901330748296-8/?rafcid=wsc_i_is_1023124763673215282,0
54,【ふるさと納税】岡山備中大納言小豆と栗を包み込んだ手焼きの銘菓子『やまんぼう』3本入り,13000,岡山県井原市,f332071-ibara:10000338,https://item.rakuten.co.jp/f332071-ibara/80-01/?rafcid=wsc_i_is_1023124763673215282,0
55,坂井宏行シェフ監修 あまおう苺パウンドケーキ・ドリップコーヒーアソートギフト・ポイントアップ中 送料無料 内祝 洋菓子 出産内祝い 内祝い 七五三 快気祝い お返し 結婚祝い 出産祝い ギフト 新築内祝い 成人内祝い 新築祝い お祝い コーヒーギフト 寒中御見舞,3849,ギフトショップ　メロディ,jhs:10044836,https://item.rakuten.co.jp/jhs/701403/?rafcid=wsc_i_is_1023124763673215282,0
56,ひととえ スイーツファクトリー (オレンジマドレーヌ・ピスタチオフィナンシェ・ブラウニー・ケーキ・クッキー) 日本製 4192-025 ギフト お歳暮 お中元 お祝い 見舞い | 関連単語 寒中見舞い 余寒見舞い 挨拶 熨斗 お礼 のし 祝い お年賀 御歳暮 御中元 初節句,6600,創造生活館,ssk-1:19873445,https://item.rakuten.co.jp/ssk-1/asve-4902151114208_01-/?rafcid=wsc_i_is_1023124763673215282,0
57,ハーゲンダッツ クリスピーサンド ゆずホワイトショコラ 6個,1914,ええもんand,eemonnyasaka:10004653,https://item.rakuten.co.jp/eemonnyasaka/10003812/?rafcid=wsc_i_is_1023124763673215282,0
58,天然色素　食用色素100g 青色(クチナシ) ブルー 日本製 BENIFUJI natural color powder red【取り寄せ7日~10日】,23760,自由が丘グランシェフ 楽天市場店,grandchef1991:10002756,https://item.rakuten.co.jp/grandchef1991/benic-bl/?rafcid=wsc_i_is_1023124763673215282,0
59,【ふるさと納税】 ブルーベリーアイスキャンデー80ml×20本 アイスクリーム アイスキャンディー 人気 フルーツアイス アイスセット 詰め合わせ スイーツ ジェラート 久保田食品 高知県 南国市,19000,高知県南国市,f392049-nankoku:10000401,https://item.rakuten.co.jp/f392049-nankoku/kb033/?rafcid=wsc_i_is_1023124763673215282,0
60,ノースカラーズ 純国産 無添加ポテトチップス 柚子 53g×24袋,7097,ベジタブルハート,vegetable-heart:10013886,https://item.rakuten.co.jp/vegetable-heart/56625924/?rafcid=wsc_i_is_1023124763673215282,0
61,ジャック製菓 スクラッチお宝くじ 100個+当たり交換分【送料無料】,1836,N丁目薬品,n-yakuhin:10009795,https://item.rakuten.co.jp/n-yakuhin/4973887810313-100nki/?rafcid=wsc_i_is_1023124763673215282,0
62,ロディ ジュース＆クッキーセット ROZ-202 (-C6198-568-) | 内祝い ギフト 出産内祝い 引き出物 結婚内祝い 快気祝い お返し 志,2160,まごころギフトたばき,magokorotabaki:10656323,https://item.rakuten.co.jp/magokorotabaki/lr-sg-801212/?rafcid=wsc_i_is_1023124763673215282,0
63,大阪京菓楽天市場店ZRおかし企画 OE石井　2000グラム【目安として約2400個】 新　カラー ボトル ラムネ ×1袋【fu】【送料無料（沖縄は別途送料）】,6886,大阪京菓楽天市場店,osaka:10355012,https://item.rakuten.co.jp/osaka/4966374002000fu/?rafcid=wsc_i_is_1023124763673215282,0
64,今治　プレミアムホテル仕様　大判バス・フェイスタオルセット 贈答品 ギフト 贈り物,10400,Shop-Polori 楽天市場店,polori:10038713,https://item.rakuten.co.jp/polori/shaddy-25-0126-134/?rafcid=wsc_i_is_1023124763673215282,0
65,【ふるさと納税】【3ヵ月に1回お届け】JAふらの ポテトチップス 【ふらのっち】うすしお＆コンソメ各12袋 計24袋 ふらの農業協同組合(南富良野町) 芋 菓子 スナック じゃがいも お菓子 ポテチ 定期便,27000,北海道南富良野町,f014621-minamifurano:10000227,https://item.rakuten.co.jp/f014621-minamifurano/52300219/?rafcid=wsc_i_is_1023124763673215282,0
66,小久保工業所 ちょい混ぜマドラー ( キッチン / 便利グッズ ) ミニマドラー マドラー 味噌 卵料理 ドレッシング お菓子作り,398,SevenRabbitRiogrande,7r-riogrande:10008231,https://item.rakuten.co.jp/7r-riogrande/mail-50g-k-tanaka-002-01p-01/?rafcid=wsc_i_is_1023124763673215282,0
67,【送料無料】★まとめ買い★　北陸製菓　シガーフライ　120g　×20個【イージャパンモール】,3516,イージャパンアンドカンパニーズ,japan-ds:12198178,https://item.rakuten.co.jp/japan-ds/020-4902458007135tm/?rafcid=wsc_i_is_1023124763673215282,0
68,【ふるさと納税】第26回全国菓子大博覧会金賞『久米島の”元祖”みそクッキー』詰め合わせ,12000,沖縄県久米島町,f473618-kumejima:10000096,https://item.rakuten.co.jp/f473618-kumejima/7710/?rafcid=wsc_i_is_1023124763673215282,0
69,至福のカヌレ【クラシック】6個入 冷凍便 / お取り寄せ / ギフト / 贈り物 / スイーツ / 洋菓子 / フランス / 記念日 / パーティー / 母の日 / 父の日 / ホワイトデー / バレンタイン 【北海道・沖縄・離島 お届け不可】,3710,mitashop,mitashop:10028818,https://item.rakuten.co.jp/mitashop/s-00017/?rafcid=wsc_i_is_1023124763673215282,0
70,BEER NUTS Original Peanuts 12 oz. Can - Sweet and Salty,4543,Glomarket,glomarket:10964229,https://item.rakuten.co.jp/glomarket/10964229/?rafcid=wsc_i_is_1023124763673215282,0
71,Seitenbacher 野菜スープと調味料 - 5 オンス できる Seitenbacher Vegetable Broth and Seasoning - 5 oz. can,3496,Glomarket,glomarket:11094670,https://item.rakuten.co.jp/glomarket/11094670/?rafcid=wsc_i_is_1023124763673215282,0
72,キャンディボトル お菓子 マイメロディ サンリオ トーマントイズ 飴 あめ 置物,1319,雑貨＆アートの通販店ベルコモン,velkommen:10462163,https://item.rakuten.co.jp/velkommen/tts-434685/?rafcid=wsc_i_is_1023124763673215282,0
73,無添加 ひとくち 小豆ようかん 約58g×6 北海道産小豆100％、国産米飴使用、砂糖不使用。,2080,ランキングストア　楽天市場店,ranking-store:10000699,https://item.rakuten.co.jp/ranking-store/4080-000414/?rafcid=wsc_i_is_1023124763673215282,0
74,"【最大500円OFFクーポン有】ハーシーズ キス ミルクチョコレート 56オンス Hershey's Kisses, Milk Chocolate, 56 oz ハーシー キスチョコ海外版 日本未発売【お取り寄せ商品】",4763,アメリカお菓子のYummy USA,yummyusa:10000386,https://item.rakuten.co.jp/yummyusa/kl-00778/?rafcid=wsc_i_is_1023124763673215282,0
75,ねじりん棒100g サンコー,231,marche du monde 世界のマルシェ,sekamaru:10007112,https://item.rakuten.co.jp/sekamaru/sanko-nejiri-100-1/?rafcid=wsc_i_is_1023124763673215282,0
76,【ギフト包装・のし紙無料】スティックケーキギフト 12個入 SC12(A3),2020,トキワカメラ,tokiwacamera:10268692,https://item.rakuten.co.jp/tokiwacamera/25035-c070tft/?rafcid=wsc_i_is_1023124763673215282,0
77,送料無料 送料込 ひねり揚げせんひねりんぽん TH-10 ギフトセット 内祝い 出産内祝い 結婚内祝い 法要 お歳暮 御歳暮 七五三内祝 香典返し 粗供養 お供え 快気祝い 快気内祝い,1465,ギフトハウス　AGコンシェル,autumn1:10281351,https://item.rakuten.co.jp/autumn1/smk6026-01/?rafcid=wsc_i_is_1023124763673215282,0
78,パイオニア企画 白神こだま酵母ドライG 200g×5個 送料無料,12980,エアリーコンタクト,airycl:10005624,https://item.rakuten.co.jp/airycl/r_003664/?rafcid=wsc_i_is_1023124763673215282,0
79,Vチェック　しそ入り干し梅　18g×8個セット［お菓子　梅］,1365,Vドラッグ　楽天市場店,v-drug:10125802,https://item.rakuten.co.jp/v-drug/0270030_4571390580985x8/?rafcid=wsc_i_is_1023124763673215282,0
80,【ポイント5倍】しっとりふわふわチーズケーキ＆焼き菓子スイーツセット【出産内祝い 内祝い お祝い お祝い返し ギフト】【出産祝い お返し 返礼 結婚内祝い 新築内祝い 成人内祝い 初節句内祝 快気内祝い】【こうのとり】【送料無料 送料込み】,5200,内祝いギフト専門店コウノトリ,averl:10000444,https://item.rakuten.co.jp/averl/560005/?rafcid=wsc_i_is_1023124763673215282,0
81,ブルボン スローバー 3種 27本セット（チョコレートクッキー・チョコバナナ・濃厚ココナッツミルク × 各9本）,3098,ワールドファクトリー,worldfactory:10001395,https://item.rakuten.co.jp/worldfactory/wf-001424/?rafcid=wsc_i_is_1023124763673215282,0
82,送料無料 送料込※沖縄・離島除く ハートブレッドアンティーク 魔法のベイクドスイーツBOX 15個 ATA-04A ギフト 御供え お供え 香典返し 法事引出物 お返し 法要 法事 回忌法要 喪中見舞 お見舞い 弔事 ハロウィン,4104,エピソード　香典返し・ギフト,episode-gift:10013717,https://item.rakuten.co.jp/episode-gift/ad93001-05-13/?rafcid=wsc_i_is_1023124763673215282,0
83,MONIN(モナン) バニラ シュガーフリー シロップ(700ml)【モナン】,2727,楽天24,rakuten24:11327491,https://item.rakuten.co.jp/rakuten24/3052911639623/?rafcid=wsc_i_is_1023124763673215282,0
84,実りの秋の贈り物 にっぽんあられ 百菓匠まえだ 4種類の味付け米菓（黒豆しょうゆ味・黒豆サラダ味・海老味・梅味）（270g）,3938,贈り物本舗じざけや,sake-gets:17437186,https://item.rakuten.co.jp/sake-gets/b9097049/?rafcid=wsc_i_is_1023124763673215282,0
85,半額 50%OFF ドトールコーヒー＆スイーツセレクション DT-20 お菓子 スイーツ コーヒー 詰め合わせ 個包装 焼き菓子 内祝い お歳暮 お彼岸 お祝い お供え 満中陰志 香典返し お返し お礼 挨拶ギフト プレゼント,1080,caprice.Gift,capricegift:10008993,https://item.rakuten.co.jp/capricegift/12401022/?rafcid=wsc_i_is_1023124763673215282,0
86,味覚糖 61g 味覚糖のど飴 蜂蜜エキナセア (6×12)72入 (岡本信彦 監修 のどあめ キャンディ まとめ買い) (ケース販売)(Y12) (本州送料無料),21800,ゆっくんのお菓子倉庫,takaoka:10064272,https://item.rakuten.co.jp/takaoka/4902750975972-72/?rafcid=wsc_i_is_1023124763673215282,0
87,【送料無料】Senjudo ベイクドスイーツファクトリー 焼き菓子ギフトセット【内祝いギフト 内祝い 出産内祝】【初節句内祝 入学内祝い 快気祝い 新築内祝い お返し 返礼】【スイーツ お菓子 人気 焼き菓子 洋菓子 ギフトセット】【御中元 お中元】,3040,あいらぶギフトベビー,ailovegiftbaby:10019565,https://item.rakuten.co.jp/ailovegiftbaby/24a0414-c5/?rafcid=wsc_i_is_1023124763673215282,0
88,パーソナライズされたミント 退職パーティー記念品 ライフセーバーミント (約 335 ～ 365 ミント) WH Candy Personalized Mints Retirement Party Favors Life Savers Mints (Approx 335-365 mints),18515,Glomarket,glomarket:11685649,https://item.rakuten.co.jp/glomarket/11685649/?rafcid=wsc_i_is_1023124763673215282,0
89,アリモト 有機玄米セラピー白胡麻30g ×1個,452,ダイヤストア,daiya-store:10022630,https://item.rakuten.co.jp/daiya-store/muso-892101230238mo33108/?rafcid=wsc_i_is_1023124763673215282,0
90,のれん栗 (BM-15),2108,イースクエア,e-squ:13791144,https://item.rakuten.co.jp/e-squ/bn000000105/?rafcid=wsc_i_is_1023124763673215282,0
91,【ポイント5倍】カタログギフト＆キュートセレクションの組合せギフト【結婚内祝い 引出物 寿 引き出物 新築内祝い 出産内祝い 内祝い お祝い お祝い返し ギフト 出産祝い お返し 返礼 敬老の日 サマーギフト】【御歳暮 お歳暮 寒中御見舞】【送料無料 送料込み】,6380,内祝いギフト専門店AGERU,ageru:10002627,https://item.rakuten.co.jp/ageru/740060c/?rafcid=wsc_i_is_1023124763673215282,0
92,"Gem Gem ジンジャー キャンディ チューイー ジンジャー チュー (オレンジ、1.25 オンスの試飲サンプル) Gem Gem Ginger Candy Chewy Ginger Chews (Orange, 1.25oz Tasting Samples)",1969,Glomarket,glomarket:10063259,https://item.rakuten.co.jp/glomarket/10063259/?rafcid=wsc_i_is_1023124763673215282,0
93,NSIN ホワイトマシュマロ 120g×1袋,123,おやつくん　お菓子の専門店,oyatsukun:10000678,https://item.rakuten.co.jp/oyatsukun/4969244506913-1/?rafcid=wsc_i_is_1023124763673215282,0
94,"Toast'em フロスト スモア ペストリー タルト、11 オンス Toast'em Frosted Smores Pastry Tart, 11 Ounce",3697,Glomarket,glomarket:10009977,https://item.rakuten.co.jp/glomarket/10009977/?rafcid=wsc_i_is_1023124763673215282,0
95,スウィートマービー フルーツミックスキャンディ(49g) 073503341,355,リコメン堂生活館,rcmdse:16056360,https://item.rakuten.co.jp/rcmdse/d4-4534551012091/?rafcid=wsc_i_is_1023124763673215282,0
96,春日井製菓 炭焼珈琲キャンディー 100g,198,FRESH ROASTER珈琲問屋 楽天市場店,tonya:10039140,https://item.rakuten.co.jp/tonya/47151/?rafcid=wsc_i_is_1023124763673215282,0
97,フード 和菓子 げんぶ堂 丹波黒豆・玄米おかき おしゃれ スイーツセット 進物用 あられ 和菓子 アソート かわいい 個包装 丹波黒豆使用 プチギフト 缶入り げんぶ堂 代引不可 限定 もらう方が嬉しい、使い勝手のいい進物商品。 あられ・おかき スイーツ・お菓子 おすすめ,6700,タツクラフト　楽天市場店,tatsu-craft:10015050,https://item.rakuten.co.jp/tatsu-craft/k733-m6600-1/?rafcid=wsc_i_is_1023124763673215282,0
98,"Stonewall Kitchen ブラックビーンサルサ、16オンス (2個パック) Stonewall Kitchen Black Bean Salsa, 16 Ounces (Pack of 2)",11616,Glomarket,glomarket:11319729,https://item.rakuten.co.jp/glomarket/11319729/?rafcid=wsc_i_is_1023124763673215282,0
99,キシリトールガム BTS Smileボトル メンバー全員ボトルB 1個 防弾少年団 キシリトール スマイルボトル メンバー全員 ロッテ ボトル BTSキシリトール キシリトールBTS,2980,Macaron,macaron-store:10015252,https://item.rakuten.co.jp/macaron-store/a-gj-030-1/?rafcid=wsc_i_is_1023124763673215282,0
100,【ふるさと納税】栗っ子まんじゅう　S箱（5個入）_CI-004,9000,福岡県行橋市,f402133-yukuhashi:10000706,https://item.rakuten.co.jp/f402133-yukuhashi/10000706/?rafcid=wsc_i_is_1023124763673215282,0
101,Pikmi Pops 75182 シングル サプライズ パック Pikmi Pops 75182 Single Surprise Pack,10192,Glomarket,glomarket:10411353,https://item.rakuten.co.jp/glomarket/10411353/?rafcid=wsc_i_is_1023124763673215282,0
102,【名入れマカロン】 Thankyou ギフト 8個入 名入れ メッセージ 手描き 出産内祝い 出産 内祝 誕生日 お祝い 結婚 退職 お菓子 お礼 おしゃれ 退職 異動 産休 挨拶 個包装 菓子折り お礼の品 詰め合わせ 内祝い 結婚内祝い 御礼 お返し アニマル スイーツ ありがとう,4900,ココマカロン,cocomacaron25:10000034,https://item.rakuten.co.jp/cocomacaron25/abc5/?rafcid=wsc_i_is_1023124763673215282,0
103,はらぺこあおむし スイーツギフト HPZ-25 ギフト 贈り物 プレゼント お中元 お歳暮 お祝い,3360,DECO MAISON,deco-maison:11895010,https://item.rakuten.co.jp/deco-maison/c6199537/?rafcid=wsc_i_is_1023124763673215282,0
104,かりんとう詰合せ AY-CO (-L9105-555-) | 内祝い ギフト 出産内祝い 引き出物 結婚内祝い 快気祝い お返し 志,3240,まごころギフトたばき,magokorotabaki:10645724,https://item.rakuten.co.jp/magokorotabaki/lr-hk-700649/?rafcid=wsc_i_is_1023124763673215282,0
105,ゴールドパック 凍らせておいしい フルーツジュース 国産果汁 日向夏 10本 お中元 暑中見舞い ギフト アソート,1500,Grocery Online Store,grocery-online-shop:10000933,https://item.rakuten.co.jp/grocery-online-shop/20250423-11/?rafcid=wsc_i_is_1023124763673215282,0
106,送料無料 りんご乙女 8枚入×24箱 りんご お菓子 クッキー りんごせんべい RingoOtome 長野 信州 お土産,14500,信州芽吹堂,mebukido:10001549,https://item.rakuten.co.jp/mebukido/19868-24/?rafcid=wsc_i_is_1023124763673215282,0
107,オーガニック 3種のミックスナッツ,2828,ポッチ,pocchi-shop:10075251,https://item.rakuten.co.jp/pocchi-shop/m-4516868883373/?rafcid=wsc_i_is_1023124763673215282,0
108,Taali NEW スイート シナモン バニラ ポップ スイレン ポップ (6 再封可能な袋) 追加のプロテインブーストで甘党を満足させましょう 外出先でのスナック ミルクと一緒に朝シリアルとしてどうぞ (2オンス袋) Taali NEW Sweet Cinnamon Vanilla Popped,15308,Glomarket,glomarket:10060988,https://item.rakuten.co.jp/glomarket/10060988/?rafcid=wsc_i_is_1023124763673215282,0
109,みそ饅頭・ハニーアーモンド 各5個入 御菓子司まさや【老舗和菓子店/和菓子/洋菓子/菓子詰め合わせ】【送料無料】,3220,新潟県公式ショップ 新潟直送計画,niigata-shop:10004148,https://item.rakuten.co.jp/niigata-shop/0655-001-03/?rafcid=wsc_i_is_1023124763673215282,0
110,大阪京菓 ZRx梶谷食品　195G コンガリサクサク×32個【xwa5】【送料無料（沖縄は別途送料）】,10382,大阪京菓楽天市場店,osaka:10377728,https://item.rakuten.co.jp/osaka/4901332108685xwa5/?rafcid=wsc_i_is_1023124763673215282,0
111,大阪京菓 ZRxでん六　105G バタピー×48個【xwa5】【送料無料（沖縄は別途送料）】,12314,大阪京菓楽天市場店,osaka:10365997,https://item.rakuten.co.jp/osaka/4901930006710xwa5/?rafcid=wsc_i_is_1023124763673215282,0
112,金城製菓 塩ようかん 130g×1個,147,おやつくん　お菓子の専門店,oyatsukun:10009299,https://item.rakuten.co.jp/oyatsukun/4901324017117-1/?rafcid=wsc_i_is_1023124763673215282,0
113,シンカリオン わたがし袋 (100枚入)[19E02]{男の子 新幹線 わたがし 袋 人気 わた菓子 わたあめ 綿あめ 綿アメ 綿飴 子供会 景品 お祭り くじ引き 縁日} {配送区分D},4400,フェスティバルプラザPLUS,festival-plus:10045498,https://item.rakuten.co.jp/festival-plus/wtb-sin-605318/?rafcid=wsc_i_is_1023124763673215282,0
114,【お歳暮ギフト】【送料無料】アントステラ ウォームハート（L）58枚 E-50 洋菓子 焼菓子 ステラおばさん クッキー 詰め合わせ お歳暮・内祝い 冬の贈り物【 冬ギフト 年末年始 高級 美味しい 法人 企業向け 贈答用 個人 家庭用 お礼 手土産 プレゼント】,6480,ちょっと寄り道したいギフト＆雑貨,yorimiti:10049439,https://item.rakuten.co.jp/yorimiti/s251052592/?rafcid=wsc_i_is_1023124763673215282,0
115,【ふるさと納税】CDMs欲張りマフィン9個セット【配送不可地域：離島】【1472653】,18000,大阪府和泉市,f272191-izumi:10003782,https://item.rakuten.co.jp/f272191-izumi/iv006-sj/?rafcid=wsc_i_is_1023124763673215282,0
116,【送料無料】金澤烏鶏庵 烏骨鶏カステラ 祝焼印入・金箔付（木箱入）【出産内祝 内祝い 御祝 お祝い】【御中元 お中元 母の日 父の日 初節句内祝 入学内祝 お返し 返礼 結婚内祝い 新築内祝い 七五三】,5740,あいらぶギフトベビー,ailovegiftbaby:10004089,https://item.rakuten.co.jp/ailovegiftbaby/14a0388/?rafcid=wsc_i_is_1023124763673215282,0
117,稲庭うどん 職人が作る かりんとう みたらし姫 ×1袋,378,増田物産プランニング,masudabussanplanning:10000379,https://item.rakuten.co.jp/masudabussanplanning/sh-121/?rafcid=wsc_i_is_1023124763673215282,0
118,★まとめ買い★　スミダ　かき氷マンゴ　紙パック　1800ml　×8個【イージャパンモール】,8410,イージャパンアンドカンパニーズ,japan-ds:11703904,https://item.rakuten.co.jp/japan-ds/008-4901741073000e/?rafcid=wsc_i_is_1023124763673215282,0
119,北坂たまご たまごまるごとプリン KP-R8 [ty],3996,通販パーク 楽天市場店,auc-hachidai:10555641,https://item.rakuten.co.jp/auc-hachidai/k5001ht02-2025/?rafcid=wsc_i_is_1023124763673215282,0
120,【300円クーポン配信中】REESE'S リース ビッグカップ チョコレート ラバ ミルクチョコレート ピーナッツバターカップ キャンディパック お菓子 39g (16個入り),10432,パームスアメリカ,palmsamerica:10032487,https://item.rakuten.co.jp/palmsamerica/aybrc7rkvs/?rafcid=wsc_i_is_1023124763673215282,0
121,ホシフルーツ 果実のしっとりパウンドケーキ 12個 送料無料 おしゃれ お菓子 お供え お菓子 お祝い返し 一周忌お返し 内祝い お返し 内祝い 焼き菓子 快気祝 出産内祝い プレゼント 返礼品 法事のお返し 香典返し お菓子 法事返礼品 パウンドケーキ 個包装 スイーツ ギフト,6300,マユギフト　楽天市場店,mayugift:10000594,https://item.rakuten.co.jp/mayugift/100094/?rafcid=wsc_i_is_1023124763673215282,0
122,純正食品マルシマ　国内産　蓮根葛湯　(15g×5袋)×4箱　5542,4327,なないろ本舗楽天市場店,hearts-stores:10163916,https://item.rakuten.co.jp/hearts-stores/ab-1483044/?rafcid=wsc_i_is_1023124763673215282,0
123,アイスクリーム スイーツ ギフト ホテルインターコンチネンタル東京ベイ アイスギフト AH-TB5 アイス お中元 お歳暮 贈り物 ギフトセット バニラ チョコ 抹茶 ストロベリー プラリネ 東京 ホテルアイス 【TD】 【代引不可】,5400,工具ワールド　ARIMAS,arimas:11076943,https://item.rakuten.co.jp/arimas/7267818/?rafcid=wsc_i_is_1023124763673215282,0
124,自然味良品 ちょぼちょぼクッキー 50g×16袋,1600,おかげさまマーケット,okagesama-market:10003863,https://item.rakuten.co.jp/okagesama-market/4901147309543/?rafcid=wsc_i_is_1023124763673215282,0
125,"メンバーズマーク シーソルトキャラメルミルクチョコレート、31オンス Member's Mark Sea Salt Caramels Milk-Chocolate, 31 Ounce",7904,Glomarket,glomarket:11050927,https://item.rakuten.co.jp/glomarket/11050927/?rafcid=wsc_i_is_1023124763673215282,0
126,"Mo's Fudge Factor、ダークチョコレートファッジ、1ポンド Mo's Fudge Factor, Dark Chocolate Fudge, 1 pound",8444,Glomarket,glomarket:11689145,https://item.rakuten.co.jp/glomarket/11689145/?rafcid=wsc_i_is_1023124763673215282,0
127,【お茶スイーツ】 ギフト 高級 寛永3年 京都利休園 公式 宇治抹茶 黒ほうじ プレミアム お茶アイス セット アイスクリーム スイーツ お歳暮 母の日 父の日 お中元 贈り物 贈答品 プレゼント お茶ギフト アイス2種類セット メーカー直送 item-ice-2set-matcha-houjicha,4320,江戸寛永3年創業「京都利休園」,rikyu-en:10000024,https://item.rakuten.co.jp/rikyu-en/item-ice-2set-matcha-houjicha/?rafcid=wsc_i_is_1023124763673215282,0
128,ノースカラーズ 純国産かきのたね53g×1個,545,DAiYA DEPART,daiya-shop:10022321,https://item.rakuten.co.jp/daiya-shop/zai-438537510376mo33892/?rafcid=wsc_i_is_1023124763673215282,0
129,サンコー おやつカステラ　130g 30個,12725,ベジタブルハート,vegetable-heart:10019833,https://item.rakuten.co.jp/vegetable-heart/56601730/?rafcid=wsc_i_is_1023124763673215282,0
130,まるいまな板チャコールグレー 贈答品 ギフト 贈り物,3510,Shop-Polori 楽天市場店,polori:10039973,https://item.rakuten.co.jp/polori/shaddy-25-0289-068/?rafcid=wsc_i_is_1023124763673215282,0
131,坂井宏行シェフ監修コーヒー＆アノー バウムクーヘンギフト珈琲 ブラジルブレンド 洋菓子 内祝 ギフト お祝い返し メーカー直送 代引不可 同梱不可,2160,ESCO SHOP,esco-corp:10070149,https://item.rakuten.co.jp/esco-corp/j4595057139064/?rafcid=wsc_i_is_1023124763673215282,0
132,内祝い お返し 出産 メッセージカード 無料 千疋屋 銀座 フルーツ フィナンシェ 12個 ストロベリー アップル マロン パイナップル 贈り物 出産祝い お礼 結婚 入学 新築 快気 祝い 香典返し 七五三 お祝い返し 送料無料 4000円 (SK)軽,3600,ギフト＆内祝いのアイプレゼンツ,i-pre:10053663,https://item.rakuten.co.jp/i-pre/sk-0820119/?rafcid=wsc_i_is_1023124763673215282,0
133,（代引き不可）（同梱不可） 金澤兼六製菓 おいしさいろいろ RGN-10 素材の味を楽しめるお煎餅,711,オフィス　ユー,officeyu:10747191,https://item.rakuten.co.jp/officeyu/oy-2245273/?rafcid=wsc_i_is_1023124763673215282,0
134,東洋ナッツ 食塩無添加 ミックスナッツ 75gx10,5812,おまとめマーケット,ladies-online-shop:10042262,https://item.rakuten.co.jp/ladies-online-shop/k4901998320414/?rafcid=wsc_i_is_1023124763673215282,0
135,送料無料　風呂敷包み　お茶と和菓子の詰合せ　茶三昧　お土産・手土産,5999,手づくり和菓子翁屋　楽天市場店,okinaya-r:10001477,https://item.rakuten.co.jp/okinaya-r/kisei-pr-cha02/?rafcid=wsc_i_is_1023124763673215282,0
136,シロップ 割り材 パイン エード 1000ml 紙パック 1本 三田飲料 [居酒屋 バー Bar カクテル チューハイ ハイホール サワー リキュール かき氷 ジュース イベント 屋台 祭り],872,通販ドリンコ,tsuhan-drinco:10023494,https://item.rakuten.co.jp/tsuhan-drinco/4977999001072/?rafcid=wsc_i_is_1023124763673215282,0
137,内祝い お返し スイーツ ギフト お菓子 和菓子 米菓 岩塚製菓 新潟物語 セット 詰め合わせ おかき 黒豆せんべい 煎餅 個包装 食品 出産内祝い 結婚内祝い 結婚祝い 出産祝い 引き出物 香典返し 快気祝い お祝い返し お礼 【包装済 外のし対応】 I-15,2039,ハローベビー 内祝い お返しギフト,happy-hellobaby:10231244,https://item.rakuten.co.jp/happy-hellobaby/ag4200-048/?rafcid=wsc_i_is_1023124763673215282,0
138,【送料無料】★まとめ買い★　オリオン（株）　ココアシガレット　×30個【イージャパンモール】,2402,イージャパンアンドカンパニーズ,japan-ds:10743009,https://item.rakuten.co.jp/japan-ds/ms-030-49151558m/?rafcid=wsc_i_is_1023124763673215282,0
139,【業務用】ギャバン　レーズン 1kg,2138,飛騨高山蔵屋敷,tbeikoku:10000454,https://item.rakuten.co.jp/tbeikoku/10000454/?rafcid=wsc_i_is_1023124763673215282,0
140,小倉秋一商店 焼さより 30g×10,4388,なないろ本舗楽天市場店,hearts-stores:10160678,https://item.rakuten.co.jp/hearts-stores/ab-1951705/?rafcid=wsc_i_is_1023124763673215282,0
141,ミンティア　アクアスパーク (50粒),108,まいどドラッグ,maido-drug:10026959,https://item.rakuten.co.jp/maido-drug/4946842528349/?rafcid=wsc_i_is_1023124763673215282,0
142,たらみ くだもの屋さん ミックスヨーグルトデザート 160g×36(6×6)個入×(2ケース)｜ 送料無料 ゼリー フルーツゼリー お菓子 おやつ,9015,のぞみマーケット楽天市場店,nozomi-market:10009958,https://item.rakuten.co.jp/nozomi-market/b140-31-2/?rafcid=wsc_i_is_1023124763673215282,0
143,はらぺこあおむし アップルジュース&しっとりドーナツ スイーツセット (SNZ-202),2678,イースクエア,e-squ:14024981,https://item.rakuten.co.jp/e-squ/ba000067852/?rafcid=wsc_i_is_1023124763673215282,0
144,ドライフルーツ パイナップル 送料無料 200g,1580,博多もつ鍋と餃子 マイニチトッカ,once-in:10000773,https://item.rakuten.co.jp/once-in/dry_pineapple/?rafcid=wsc_i_is_1023124763673215282,0
145,ホテルオークラ16個 HOJ-04A ギフト 手土産 個包装 スイーツ お菓子 おしゃれ 内祝い お祝い お返し お歳暮,3240,雑貨とギフトの専門店　マイルーム,giftroom:10058804,https://item.rakuten.co.jp/giftroom/94019-01/?rafcid=wsc_i_is_1023124763673215282,0
146,森永 毎朝爽快Light ピーチレモネード味 125ml [ ミルクオリゴ糖 ラクチュロース 低カロリー ] 機能性表示食品 ×24本,3580,DOTRIVER,dotriver:10003824,https://item.rakuten.co.jp/dotriver/dotr55ee71933f/?rafcid=wsc_i_is_1023124763673215282,0
147,【送料無料】ハンター ポテトチップス 黒トリュフ風味 150g 6個 ハンターフーズ HUNTERS ポテチ トリュフソルト 長S,3800,お酒の専門店　リカマン楽天市場店,likaman:10040745,https://item.rakuten.co.jp/likaman/950857-6/?rafcid=wsc_i_is_1023124763673215282,0
148,3009533-os　オーサワの有機ミックスナッツ　70g【オーサワジャパン】【1〜4個はメール便300円】,648,Veganベジタリアン奈良恵友堂,keiyushop-2:10001246,https://item.rakuten.co.jp/keiyushop-2/3009533-os/?rafcid=wsc_i_is_1023124763673215282,0
149,【ナチュールバッグ　キャラメリゼバーム】引菓子 引き出物 縁起物 結婚式 二次会 プチギフト ウェディング 式場 挙式 退職 お礼 引越し ご挨拶 挨拶回り お土産 プレゼント 内祝い 和菓子 洋菓子 スイーツ お菓子 おやつ 人気ギフト 贈り物 お返し メッセージギフト,1520,イベント企画ノベルティセンター,houshodo:10015811,https://item.rakuten.co.jp/houshodo/gm401/?rafcid=wsc_i_is_1023124763673215282,0
150,【ふるさと納税】幸せの黄色い カステラ 食べ比べ 幸せの黄色いカステラ0.6号サイズ3本＋幸せのいちごカステラ0.6号サイズ2本 詰合せ / かすてら 卵 人気 長崎 おやつ / 大村市 / 心泉堂[ACYU027],26000,長崎県大村市,f422053-omura:10002127,https://item.rakuten.co.jp/f422053-omura/acab545/?rafcid=wsc_i_is_1023124763673215282,0
151,オリジナルセットハーゲンダッツ＆ゴディバ　アソートセット　計2箱（6カップ+14粒）,3700,アイスクリームのきしもと,ice-kishimoto:10042406,https://item.rakuten.co.jp/ice-kishimoto/hdgd-2assort/?rafcid=wsc_i_is_1023124763673215282,0
152,フジショク 国内産 きな粉 1kg 富士食糧,1093,シェフレピ,chefrepi:10001465,https://item.rakuten.co.jp/chefrepi/10002817/?rafcid=wsc_i_is_1023124763673215282,0
153,タイソウの実 300g×4個 なつめ ドライ ナツメ なつめの実 赤なつめ 紅なつめ なつめ茶 ナツメの実 棗の実 たいそう 大棗の実 たいそうの実 100% ドライ フルーツ 保存料 無添加 ナツメ茶 棗茶 乾燥 干し 業務用 葉酸 無農薬 サムゲタン 参鶏湯 火鍋 おかゆ お粥 雑炊 薬膳,2808,青汁 粉末 健康茶の健康生活研究所,hl-labo:10008120,https://item.rakuten.co.jp/hl-labo/f108/?rafcid=wsc_i_is_1023124763673215282,0
154,【MINTIA】ミンティアブリーズ レモンライムドレス (30粒入) [20個セット] あめ 飴 キャンディ ミンティア ケース 口臭 フリスク お菓子 スイーツ 食品 まとめ買い ワンピース おでかけ おすすめ アサヒグループ食品 M:4946842540822,5390,四日町薬局,yokkamachi:10005328,https://item.rakuten.co.jp/yokkamachi/4946842540822-20/?rafcid=wsc_i_is_1023124763673215282,0
155,ジェームズマーティン フレッシュサニタイザー 詰め替え用 20L ファーストコレクション サニタリー,17810,業務用製菓材料のスイートキッチン,kashizairyo:10109280,https://item.rakuten.co.jp/kashizairyo/g7175/?rafcid=wsc_i_is_1023124763673215282,0
156,【直送品】Ker Cadelac(ケル・キャディラック)　ガレットチョコチップクッキー　120g(8枚×2パック)×18個【お寄せ品、返品キャンセル不可。欠品終売時連絡あり】,11072,ヘルシー救急BOX,parusu:11601524,https://item.rakuten.co.jp/parusu/comd-1678157/?rafcid=wsc_i_is_1023124763673215282,0
157,【ふるさと納税】コールド・ストーン・クリーマリーのプレミアムアイスキャンディ10本セット(MA-3)【配送不可地域：離島・沖縄県】【1344501】,20000,京都府久御山町,f263222-kumiyama:10000227,https://item.rakuten.co.jp/f263222-kumiyama/1344501/?rafcid=wsc_i_is_1023124763673215282,0
158,"NOKA オーガニック マンゴー ココナッツ スーパーフード スムージー、4.22 オンス NOKA Organic Mango Coconut Superfood Smoothie, 4.22 OZ",3258,Glomarket,glomarket:10117481,https://item.rakuten.co.jp/glomarket/10117481/?rafcid=wsc_i_is_1023124763673215282,0
159,ちぼりチボン もえぎ野とあじし野48枚入 11356 ギフト 早割 お中元 お歳暮 御見舞 お見舞い お取り寄せ グルメスイーツ,1944,キッチンの殿堂！チューボーマニア,c-mania:10162945,https://item.rakuten.co.jp/c-mania/g1514-708/?rafcid=wsc_i_is_1023124763673215282,0
160,香典返し お供え 御供 仏事 弔事 法要 法事 [ ヴァッフェル8枚入 W-10HB ]お返し 返礼 返礼品 粗品 粗供養 満中陰志 御霊前 命日 一周忌 三回忌 49日 四十九日 志 偲草 贈答用,1954,香典法要お返し専門ギフトメモリー,funeral-gift:10029606,https://item.rakuten.co.jp/funeral-gift/apd-4197-051/?rafcid=wsc_i_is_1023124763673215282,0
161,金澤兼六製菓 おいしさいろいろ (RGN-8),1197,イースクエア,e-squ:13838751,https://item.rakuten.co.jp/e-squ/ba000064275/?rafcid=wsc_i_is_1023124763673215282,0
162,でん六 ウルトラミニアソート 8(320g),702,楽天24,rakuten24:11365069,https://item.rakuten.co.jp/rakuten24/4901930072234/?rafcid=wsc_i_is_1023124763673215282,0
163,アイビーアンドディー ティラミスクリーム3種ティラミス カステラ ラスク 洋菓子 おしゃれ スイーツ 快気祝 還暦祝 長寿祝 ご挨拶 ギフト プレゼント 贈り物,4958,感謝のきもちギフトミュージアム,gift-museum:10000825,https://item.rakuten.co.jp/gift-museum/ib-03/?rafcid=wsc_i_is_1023124763673215282,0
164,大阪京菓 ZRxピュアレ　1000G ヒップ＆フロントヒップチョコ×1個【xfu】【送料無料（沖縄は別途送料）】,8324,大阪京菓楽天市場店,osaka:10356660,https://item.rakuten.co.jp/osaka/4978589041078x1fus5/?rafcid=wsc_i_is_1023124763673215282,0
165,ヤガイ おやつカルパス ミックスピザ味 50個入×1BOX,516,みぞたオンラインストア楽天市場店,mizota:10024882,https://item.rakuten.co.jp/mizota/4903020005757-1/?rafcid=wsc_i_is_1023124763673215282,0
166,【業務用 じゃり豆 320g 1袋】株式会社トーノー ひまわりの種 かぼちゃの種 アーモンド オレイン酸 リノレン酸 ビタミンE　栄養機能食品 豆菓子,1300,元氣になれ通販部,genkini-nare:10000404,https://item.rakuten.co.jp/genkini-nare/jari/?rafcid=wsc_i_is_1023124763673215282,0
167,ワインリッヒ　ジントニック　チョコレート　100g　120セット,74227,ライフ＆ビューティ,l-and-b:14833929,https://item.rakuten.co.jp/l-and-b/1685064/?rafcid=wsc_i_is_1023124763673215282,0
168,ドーナツ型チーズケーキ ハピチリング 4種ギフトセットA（いちご・抹茶・チョコ・ホワイト）グルテンフリー 冷凍 iHug Cheeseドーナッツ おしゃれ お菓子 お取り寄せ スイーツ ギフト プレゼント 贈り物 贈答 お中元 お歳暮 お祝い 内祝い 手土産 アイハグチーズ,3480,美味逸品,bimi-ippin:10002610,https://item.rakuten.co.jp/bimi-ippin/ihug1010-1/?rafcid=wsc_i_is_1023124763673215282,0
169,富士山 お土産 送料無料 富士山倶楽部 20枚入×16箱 山梨 おみやげ 洋菓子 焼き菓子 クッキー チョコレート 景品 プレゼント 手みやげ ケース販売 まとめ買い,17000,ワイエムカンパニー,ym-company:10000615,https://item.rakuten.co.jp/ym-company/25945-16/?rafcid=wsc_i_is_1023124763673215282,0
170,【内祝いギフト 送料無料】カタログギフト＆しっとりふわふわチーズケーキ＆今治タオルの組合せギフト【出産内祝 内祝い お返し 返礼 送料込み】【結婚内祝い 入学内祝い 快気祝い】【グルメカタログ スイーツ セットギフト 組み合わせギフト スイーツセット】,14520,赤ちゃんとママの店マリモ,marimo-baby:10019077,https://item.rakuten.co.jp/marimo-baby/1476411-c4/?rafcid=wsc_i_is_1023124763673215282,0
171,井桁堂 ガトープルポ ラッピング対応可 のし対応可 グルメ ギフト プレゼント 贈答 記念日 お取り寄せ 産地直送 内祝い 人気 送料無料 rw-s-00082,2820,グルメダイニング友楽堂,j-yokohama:10006874,https://item.rakuten.co.jp/j-yokohama/rw-s-00082/?rafcid=wsc_i_is_1023124763673215282,0
172,前田製菓 35g 焼海老 (20×2)40入 (スナック おつまみ エビ えび 小袋 お菓子 景品) (2ケース販売) (Y10) (本州送料無料),4880,ゆっくんのお菓子倉庫,takaoka:10064228,https://item.rakuten.co.jp/takaoka/4902732404179-40/?rafcid=wsc_i_is_1023124763673215282,0
173,【アラザン】オレンジ 2mm 200g,5204,製菓材料倶楽部,seikapan:10000571,https://item.rakuten.co.jp/seikapan/21462/?rafcid=wsc_i_is_1023124763673215282,0
174,するめ あたりめ スルメ 310g スルメイカ 調味料無添加 国産のするめいか するめジャーキー イカ いか 業務用 大容量 おつまみ つまみ 珍味 酒のつまみ お菓子 おかし おやつ 千成商会 つまみ蔵 あたりめ・するめ足 ポット入り,4094,つまみ蔵,tsumamikura:10000217,https://item.rakuten.co.jp/tsumamikura/x000osxr3z/?rafcid=wsc_i_is_1023124763673215282,0
175,【5セット】 ノースリーフ 北海道ギフトセット(恋の街さっぽろ・じゃがバタークッキー・北海道ミルククリームサンド・ポテっとチーズ・牛乳サブレ) FUJI62432X5 ギフト お歳暮 お中元 お祝い 見舞い | 関連単語 お年賀 御歳暮 御中元 初節句 七五三 入園 入学 卒業,23700,創造生活館,ssk-1:19941167,https://item.rakuten.co.jp/ssk-1/asve-4589453222888_03-/?rafcid=wsc_i_is_1023124763673215282,0
176,共立食品 コーンスターチ 160g×10個入｜ 送料無料 菓子材料 製菓材料 粉 デザート,2224,MISONOYA楽天市場店,misonoya:10098291,https://item.rakuten.co.jp/misonoya/a376-151/?rafcid=wsc_i_is_1023124763673215282,0
177,ORI-ORIシリーズ あずき甘納豆おちちまめ 15g×20P お菓子 甘さ控えめ 和菓子 和スイーツ お茶菓子 プレゼント ギフト お土産 お中元 お取り寄せ 小豆 ミルク ホワイトデー バレンタイン 北海道 生乳 100％ 母の味 おちちまめ 食品 食べ物 お礼 食べきりサイズ【三海幸】,2110,三海幸,sankaikou:10000149,https://item.rakuten.co.jp/sankaikou/4580403390169-20/?rafcid=wsc_i_is_1023124763673215282,0
178,|新宿中村屋 花ごよみ（12袋）| プレゼント お祝い 出産内祝い 内祝い お返し 快気祝い 新築内祝い 引き出物 法事 香典返し,2138,ギフト専門店　すず陶,suzuto:10781937,https://item.rakuten.co.jp/suzuto/1748530/?rafcid=wsc_i_is_1023124763673215282,0
179,ギフト ティサージュ 彩りアソート M TIA-23 内祝 御礼 御祝 プレゼント お土産,2700,まるひろオンラインショップ,maruhiro-dep:10071794,https://item.rakuten.co.jp/maruhiro-dep/68400045/?rafcid=wsc_i_is_1023124763673215282,0
180,【ふるさと納税】 せんべいセット（ご自宅用）【真・特上】25枚+20本+440グラム　醤油の町「銚子・福屋」の炭火焼手焼きせんべい／包装なし｜和菓子 米菓 煎餅 10種,24000,千葉県銚子市,f122025-choshi:10000307,https://item.rakuten.co.jp/f122025-choshi/17119-30045963/?rafcid=wsc_i_is_1023124763673215282,0
181,(地域限定送料無料)グリコ クラッツ＜枝豆＞【20コ入り】さんきゅーマーチ(4901005185807sx20k),5400,さんきゅーマーチ,39march:10008585,https://item.rakuten.co.jp/39march/4901005185807sx20k/?rafcid=wsc_i_is_1023124763673215282,0
182,仙臺まころん 詰合せ 45g×5袋入り 20箱入りセット 化粧箱入り 贈答 ギフト 落花生 厳選 竹鶏たまご 白石蔵王 伝承 郷土 宮城 伊藤食品工業所,27400,食材王国みやぎプラザ,miyagi-s-iroha:10000136,https://item.rakuten.co.jp/miyagi-s-iroha/r030is-0005/?rafcid=wsc_i_is_1023124763673215282,0
183,奥賽山査餅【10点セット】サンザシのお菓子 歯ごたえ 新鮮なさんざしを使用 無添加 小分け 138g×10点,2490,東洋ツバメの巣,yanwo:10002628,https://item.rakuten.co.jp/yanwo/26szb-yw-10-os/?rafcid=wsc_i_is_1023124763673215282,0
184,内祝い お返し 送料無料 スイーツ 和菓子 ギフト あられ おかき 天然水おかき まろやかさん セット 詰め合わせ 米菓 ふっくら 個包装 食品 食べ物 出産内祝い 結婚内祝い 結婚祝い 出産祝い 引き出物 香典返し 快気祝い お祝い返し 引越し 挨拶 お礼 TM-15S,1728,ハローベビー 内祝い お返しギフト,happy-hellobaby:10230301,https://item.rakuten.co.jp/happy-hellobaby/tcr167-01/?rafcid=wsc_i_is_1023124763673215282,0
185,モンシャルール カフェ レーズンサンド・コーヒーセット RS-15,2160,レインボーやまむら,re-yamamura:10158071,https://item.rakuten.co.jp/re-yamamura/37100266/?rafcid=wsc_i_is_1023124763673215282,0
186,金澤兼六製菓 兼六の華 海老カレー煎餅・黒ごま入り玄米煎餅・海老胡椒煎餅×各6、えびまめ花煎餅・つぶやきサラダ煎餅・金澤カレー煎餅×各3 B1045566 食品 佃煮 詰合せ セット ギフト | 関連単語 お歳暮 レトルト 老舗 カツオ 鰹 昆布 だし 御歳暮,4070,創造生活館,ssk-1:19836083,https://item.rakuten.co.jp/ssk-1/asve-4932123119337_06-/?rafcid=wsc_i_is_1023124763673215282,0
187,送料無料 送料込 ドトールコーヒー＆スイーツバラエティ FADH-BEY 内祝い お返し ギフトセット 出産内祝い 結婚内祝い 御祝 お供え 御供 お歳暮 御歳暮 七五三内祝 香典返し 粗供養 快気祝い 快気内祝い,2349,AGコーポレーション,agcoop:10249411,https://item.rakuten.co.jp/agcoop/s2610-033/?rafcid=wsc_i_is_1023124763673215282,0
188,アイスボックスクッキー生地 ノーカットタイプ 黒ゴマ 3本 七洋製作所 クッキー生地,13615,業務用製菓材料のスイートキッチン,kashizairyo:10109864,https://item.rakuten.co.jp/kashizairyo/63773/?rafcid=wsc_i_is_1023124763673215282,0
189,【ギフト包装・のし紙無料】バウムクーヘン(木箱入) KB1-10G(A5),900,トキワダイレクト,digital7:10255386,https://item.rakuten.co.jp/digital7/250404-037sdt/?rafcid=wsc_i_is_1023124763673215282,0
190,【送料無料】ノーベル製菓 くちどけまんまるラムネ 80g ×4袋 袋タイプ【ラムネ】,1120,おやつくん　お菓子の専門店,oyatsukun:10007009,https://item.rakuten.co.jp/oyatsukun/4902124681775-4m/?rafcid=wsc_i_is_1023124763673215282,0
191,モロゾフ ファヤージュ MO-1794 内祝い お返し ギフトセット 出産内祝い 結婚内祝い 御祝 お供え 御供 お歳暮 御歳暮 七五三内祝 香典返し 粗供養 快気祝い 快気内祝い,681,ギフトハウス　AGコンシェル,autumn1:10273453,https://item.rakuten.co.jp/autumn1/001-b012/?rafcid=wsc_i_is_1023124763673215282,0
192,【即納】栗あん 人形焼 60個 (20個入り×3袋) 訳あり わけあり 無選別 お徳用 個包装 スイーツ 和菓子 こしあん お茶菓子 くりあん にんぎょうやき プレゼント ギフト ハロウィン 文化祭 お歳暮 運動会,2480,ワイワイプラザ,waiwaiplaza:10014099,https://item.rakuten.co.jp/waiwaiplaza/20001056/?rafcid=wsc_i_is_1023124763673215282,0
193,"4.5 オンス (4 個パック)、Valley Lahvosh ハーツ クラッカー 4.5 オンス (4 個パック) 4.5 Ounce (Pack of 4), Valley Lahvosh Hearts Crackers 4.5 oz (Pack of 4)",8092,Glomarket,glomarket:10116847,https://item.rakuten.co.jp/glomarket/10116847/?rafcid=wsc_i_is_1023124763673215282,0
194,味覚糖　氷あめソーダ　10個セット　8LINK,3060,Dream Store78,dreamstore78:10024239,https://item.rakuten.co.jp/dreamstore78/4902750945104-10/?rafcid=wsc_i_is_1023124763673215282,0
195,栗饅頭10個入　結婚祝い,2800,手づくり和菓子翁屋　楽天市場店,okinaya-r:10001733,https://item.rakuten.co.jp/okinaya-r/kekon-kuriman-10/?rafcid=wsc_i_is_1023124763673215282,0
196,ソーキ ポリポリ納豆こんぶ 85g×1袋メール便/【栄養補助食 ビタミンD 納豆 昆布 おやつ おつまみ】,756,プラスイン,ju-suya:10007216,https://item.rakuten.co.jp/ju-suya/10007216/?rafcid=wsc_i_is_1023124763673215282,0
197,食べたときのサクサク・ネバネバ感が最高！　オクラチップ　300g入り【オクラチップ300g】,2680,オーケーギフト ナッツデイ,nutsday:10000127,https://item.rakuten.co.jp/nutsday/y-okr0300/?rafcid=wsc_i_is_1023124763673215282,0
198,河内駿河屋 わらび餅とくず餅の食べくらべ WK-10 4198-039 ラッピング無料 のし無料 わらびもち きなこ 和三盆 和菓子 詰め合わせ ギフト 誕生日 プレゼント 敬老の日 祖父 祖母 お中元 暑中見舞い 出産内祝い 結婚内祝い 御礼 香典返し お供え 仏事 法要 法事 B51,2181,ファッションPetit＆ギフト,petitcaprice:10016246,https://item.rakuten.co.jp/petitcaprice/ap-ska-ds-6212-033/?rafcid=wsc_i_is_1023124763673215282,0
199,Taali NEW スイート シナモン バニラ ポップ スイレン ポップ (6 再封可能な袋) 追加のプロテインブーストで甘党を満足させましょう 外出先でのスナック ミルクと一緒に朝シリアルとしてどうぞ (2オンス袋) Taali NEW Sweet Cinnamon Vanilla Popped,15308,Glomarket,glomarket:10060988,https://item.rakuten.co.jp/glomarket/10060988/?rafcid=wsc_i_is_1023124763673215282,0
200,"Terra 野菜チップス、海塩、6.8 オンス Terra Vegetable Chips, Sea Salt, 6.8 oz.",3009,Glomarket,glomarket:10265194,https://item.rakuten.co.jp/glomarket/10265194/?rafcid=wsc_i_is_1023124763673215282,0
201,大阪京菓 ZRx植垣米菓　88G 六甲花吹雪×12個【xeco】【エコ配 送料無料 （沖縄県配送不可 時間指定と夜間お届け不可）】,4667,大阪京菓楽天市場店,osaka:10353315,https://item.rakuten.co.jp/osaka/4901016021705xecos5/?rafcid=wsc_i_is_1023124763673215282,0
202,"【最大1000円OFFクーポン】【アメリカウォルマート品】ギラデリ アルティメット チョコレート プレミアム ブラウニー ミックス 約538g ボックス GHIRARDELLI Ultimate Chocolate Premium Brownie Mix, 19 oz Box 【お取り寄せ商品】【合わせて買いたい】",1612,カリフォルニアスマイル,cmga:10009055,https://item.rakuten.co.jp/cmga/wm-03488/?rafcid=wsc_i_is_1023124763673215282,0
203,【お買上特典】とうもろこしでつくったパフスナック・塩味 55g【サンコー】,240,健康サポート専門店,kenkousupport:10053713,https://item.rakuten.co.jp/kenkousupport/0038-0-32718/?rafcid=wsc_i_is_1023124763673215282,0
204,"36 Count (Pack of 1), Mexican Candy Lollipops Mix Assortment (36 Count) Variety Pack of Sweet, Sour & Spicy, Includes Rebanaditas, Vero Mango, De La Rosa, Pipeno, Pina Loca, El Azteca Chileta, La Vaquita b",5472,Glomarket,glomarket:11695672,https://item.rakuten.co.jp/glomarket/11695672/?rafcid=wsc_i_is_1023124763673215282,0
205,モチド 巨峰(45g×80セット)【UHA味覚糖】,13651,楽天24,rakuten24:11365423,https://item.rakuten.co.jp/rakuten24/622967/?rafcid=wsc_i_is_1023124763673215282,0
206,瀬戸内産レモンケーキ 10個入り　阿里弥（LCG）｜ 菓子 お菓子 おやつ ギフト セット プレゼント 贈り物 愛媛 愛媛県 お土産 松山,1880,スーパーフジの通販 FUJI netshop,the-fuji:10225742,https://item.rakuten.co.jp/the-fuji/stk-851-79119/?rafcid=wsc_i_is_1023124763673215282,0
207,オーガニックポテトチップス(シーソルト)/85g【若翔】 Golden State Organic SEA SALT,505,健康ストア　健友館,kenyu-kan:10019885,https://item.rakuten.co.jp/kenyu-kan/009586/?rafcid=wsc_i_is_1023124763673215282,0
208,イシハラ　USピスタチオカーネル　1kg　【菓子材料・パン材料・生・無塩・ナッツ・アメリカ産ピスタチオ・トッピング】,7965,パンの材料屋さん！！ぶーらんじぇ,boulan-:10001152,https://item.rakuten.co.jp/boulan-/10001152/?rafcid=wsc_i_is_1023124763673215282,0
209,【グルテンフリー】【無添加】櫛田養鶏場の名古屋コーチン米粉フィナンシェ 12個入り 名古屋コーチン 冷凍 愛知 おみやげ お取り寄せスイーツ スイーツ 手土産 個包装 洋菓子名古屋コーチンの卵,4980,櫛田養鶏場　楽天市場店,kushida-yo-kei:10000092,https://item.rakuten.co.jp/kushida-yo-kei/10000087/?rafcid=wsc_i_is_1023124763673215282,0
210,"マコーミック グルメ オーガニック グラウンド カルダモン、1.75 オンス (3 個パック) McCormick Gourmet Organic Ground Cardamom, 1.75 oz (Pack of 3)",6200,Glomarket,glomarket:11089009,https://item.rakuten.co.jp/glomarket/11089009/?rafcid=wsc_i_is_1023124763673215282,0
211,カクダイ製菓 クッピーラムネ ファミリーパック 100g×12袋入｜ 送料無料 ラムネ ラムネ菓子 クッピーラムネ お菓子,4004,飲料 食品専門店 味園サポート,misono-support:10120507,https://item.rakuten.co.jp/misono-support/a472-8/?rafcid=wsc_i_is_1023124763673215282,0
212,【ふるさと納税】黒で四角で生銅鑼焼で。 6個入り スイーツ どらやき どら焼き おやつ お菓子 グルメ お取り寄せ お中元 お歳暮 ギフト 小松市 石川県 008036【お菓子処マルニシ】,8000,石川県小松市,f172031-komatsu:10001654,https://item.rakuten.co.jp/f172031-komatsu/8036/?rafcid=wsc_i_is_1023124763673215282,0
213,【ギフト包装・のし紙無料】アンリ・シャルパンティエ フィナンシェ・マドレーヌ詰合せ(8個) HFM-11(B5),1290,LOOK LOOK 楽天市場店,rlooklook:10013845,https://item.rakuten.co.jp/rlooklook/250381-010sdt/?rafcid=wsc_i_is_1023124763673215282,0
214,大阪京菓 ZRxエムディエッチ　50G ハッピーポップコーン　抹茶ラテ＆シーソルト×240個【xra5】【送料無料（沖縄は別途送料）】,65957,大阪京菓楽天市場店,osaka:10375940,https://item.rakuten.co.jp/osaka/4977856213495xra5/?rafcid=wsc_i_is_1023124763673215282,0
215,アイスとミルクシュー 乳蔵 ギフト プレゼント 贈り物 【代引不可】,4104,壱番館STORE,ichibankanshop:11276441,https://item.rakuten.co.jp/ichibankanshop/apde-4821-599/?rafcid=wsc_i_is_1023124763673215282,0
216,【ポイント5倍】あまおう苺バウムクーヘン＆プチフィナンシェ　ギフトボックス【内祝い お返し 結婚内祝い 出産内祝い ギフトセット 人気 スイーツ スイーツギフト スイーツセット 初節句内祝】【御歳暮 お歳暮 夏ギフト】【送料無料 送料込み】,5090,出産内祝い専門店　アドヴァン,gs-advan:10001927,https://item.rakuten.co.jp/gs-advan/550a0304/?rafcid=wsc_i_is_1023124763673215282,0
217,キシリトールストーン キャンディ レモン味 20g,455,くらしのカタログ,kusuri-hagakure:10233903,https://item.rakuten.co.jp/kusuri-hagakure/1758976553-1-a/?rafcid=wsc_i_is_1023124763673215282,0
218,キューブシューセット 5個【代引不可】,4407,QUOLI,q-uoli:10139283,https://item.rakuten.co.jp/q-uoli/qr9261653924/?rafcid=wsc_i_is_1023124763673215282,0
219,【ふるさと納税】ナチュランド特選クッキー 8種詰め合わせ【1616126】,11000,東京都多摩市,f132241-tama:10000043,https://item.rakuten.co.jp/f132241-tama/1616126/?rafcid=wsc_i_is_1023124763673215282,0
220,【 送料無料 】 谷尾食糧工業 さくらあん 生あん仕立て 選べる 3袋 アソート セット まとめ買い,780,TIGTIG　楽天市場店,tigtig:10002763,https://item.rakuten.co.jp/tigtig/25092504/?rafcid=wsc_i_is_1023124763673215282,0
221,カルビー ポテトチップス のりしお 55g×16個×2セット　駄菓子/スナック菓子/スナック駄菓子/ポテトスナック/じゃがいも/ポテトチップス/ポテチ/熱中症対策に/塩分を,4447,紀州和歌山てんこもり,segp-shop:10131212,https://item.rakuten.co.jp/segp-shop/4901330513764b/?rafcid=wsc_i_is_1023124763673215282,0
222,タニタ　体組成計レッド 贈答品 ギフト 贈り物,10780,Shop-Polori 楽天市場店,polori:10039943,https://item.rakuten.co.jp/polori/shaddy-25-0310-074/?rafcid=wsc_i_is_1023124763673215282,0
223,バターミルクパウダー 150g×3袋 パイオニア企画 製菓材料 洋粉 こだわり食材 パン材料 脱粉 牛乳 生乳 北海道産 国産 菓子材料,2181,食べもんぢから。,tabemon-dikara:10003641,https://item.rakuten.co.jp/tabemon-dikara/22390/?rafcid=wsc_i_is_1023124763673215282,0
224,【直送品】信州伊那 つぐや 国産たまごを使ったたまごロールケーキ 2本セット 食品 スイーツ お菓子 ギフト プレゼント,1404,ヘルシー救急BOX,parusu:11552340,https://item.rakuten.co.jp/parusu/yiried1001-10452908-r6/?rafcid=wsc_i_is_1023124763673215282,0
225,【本日楽天ポイント5倍相当】【送料無料】株式会社明治 果汁グミ 温州みかん 54g×10個セット【ドラッグピュア楽天市場店】【RCP】【△】【□】,2366,ドラッグピュア楽天市場店,drugpure:10264062,https://item.rakuten.co.jp/drugpure/4902777132129_so/?rafcid=wsc_i_is_1023124763673215282,0
226,大阪京菓 ZRxブルボン　47G プチチョコチップ【チョコ】×80個【xecoa5】【エコ配 送料無料 （沖縄県配送不可 時間指定と夜間お届け不可）】,10665,大阪京菓楽天市場店,osaka:10371019,https://item.rakuten.co.jp/osaka/4901360358311xecoa5/?rafcid=wsc_i_is_1023124763673215282,0
227,富士山チョコレートクランチ,702,サンセットプラザ堂ヶ島,kymuseum:10001523,https://item.rakuten.co.jp/kymuseum/10001523/?rafcid=wsc_i_is_1023124763673215282,0
228,ハロウィンお菓子8種 100個 まとめ買い 個包装 駄菓子 スナック菓子 おやつ 詰め合わせ パック 常温保存 ばらまき 配布 粗品 贈り物 記念品 景品 ノベルティ 賞品 御礼 販促 プレゼント プチギフト 業務用 大量 ケース販売,25000,IPPIN-MARKET,ippin-market1:10001920,https://item.rakuten.co.jp/ippin-market1/hlw-ip2477505/?rafcid=wsc_i_is_1023124763673215282,0
229,「ムーミン ジュース＆スイーツセット MS-30N」可愛い 洋菓子詰め合わせ 焼き菓子 ジュース ムーミンデザイン パイ マドレーヌ クッキープレゼント お返し 御礼 ギフト 可愛すぎる リトルミィ スナフキン【包装のし完全無料】,3162,株式会社紅葉屋　楽天市場店,momijiya64:10001092,https://item.rakuten.co.jp/momijiya64/10000994/?rafcid=wsc_i_is_1023124763673215282,0
230,"Sheila G's, Brownie Brittle Dark Chocolate, 5 oz",3110,Glomarket,glomarket:11689117,https://item.rakuten.co.jp/glomarket/11689117/?rafcid=wsc_i_is_1023124763673215282,0
231,プルモール Pulmoll オレンジ 2個セット キャンディ ドイツ のど飴 喉飴 みかん オレンジキャンディ リコリス はちみつ メントール ノンシュガー のどあめ あめ 送料無料,980,みんなのパントリー楽天市場店,minpan:10001666,https://item.rakuten.co.jp/minpan/minpan-pulmolloreng2-454/?rafcid=wsc_i_is_1023124763673215282,0
232,【NAMEGATA米こトマトバウムクーヘン】グルテンフリー 米粉 洋菓子 焼き菓子 小麦粉不使用 ギフト スイーツ,1850,なめがた米こバウムクーヘン,namegatakomeko:10000019,https://item.rakuten.co.jp/namegatakomeko/17tomato/?rafcid=wsc_i_is_1023124763673215282,0
233,プティパ 食用色素 黄 2g×4個,2681,VlookupStore 楽天市場店,vlookupstore:10417619,https://item.rakuten.co.jp/vlookupstore/gr-e90gxtzans/?rafcid=wsc_i_is_1023124763673215282,0
234,お歳暮 ギフト ＼楽天ランキング1位／銀座餅 25枚 内祝い お菓子 大容量 個包装 銀座花のれん 銀座餅醤油 25枚 / 揚げせんべい 煎餅 菓子折り 手土産 職場 ご挨拶ギフト 結婚内祝い 出産内祝い お返し 2000円 台 写真入り メッセージカード無料 香典返し お供え gws 七五三,2650,コードシーギフトセレクション,patie:10095452,https://item.rakuten.co.jp/patie/ginza-hana-003/?rafcid=wsc_i_is_1023124763673215282,0
235,かりんとうギフト MKT-20R,1080,ギフトマン　楽天市場店,giftman:10323057,https://item.rakuten.co.jp/giftman/23r7609-020/?rafcid=wsc_i_is_1023124763673215282,0
236,＼記念品 ギフト　菓子類/【スイートバスケット　ワッフルクッキー　熨斗+包装+手提げ袋込み (納期:約1週間)】 お中元/お返し,1541,記念品・粗品・ノベルティの専門店,soshina:10476261,https://item.rakuten.co.jp/soshina/a25ti386208/?rafcid=wsc_i_is_1023124763673215282,0
237,☆【5セット】 ドトールコーヒー&どら焼き 詰合せ ドリップコーヒー7g、どら焼き(粒あん、八女抹茶あん)×各3 DR-15X5,5280,カー用品卸問屋　ニューフロンテア,nf:12108272,https://item.rakuten.co.jp/nf/ao-4589453200169/?rafcid=wsc_i_is_1023124763673215282,0
238,大阪京菓 ZRxでん六　120G 海味鮮パック×96個【xra5】【送料無料（沖縄は別途送料）】,36277,大阪京菓楽天市場店,osaka:10365895,https://item.rakuten.co.jp/osaka/4901930145235xra5/?rafcid=wsc_i_is_1023124763673215282,0
239,大阪京菓 ZRxカンロ　13G ピュレグミプチ三角レモン×288個【xa5】【送料無料（沖縄は別途送料）】,14929,大阪京菓楽天市場店,osaka:10365080,https://item.rakuten.co.jp/osaka/4901351022634xa5/?rafcid=wsc_i_is_1023124763673215282,0
240,【送料無料】 湖池屋 コイケヤ スリムバッグ スティックすっぱムーチョ さっぱり梅味 37g×6袋入 ※北海道800円・東北400円の別途送料加算,1331,アットコンビニ楽天市場店,at-cvs:10035868,https://item.rakuten.co.jp/at-cvs/4901335140446/?rafcid=wsc_i_is_1023124763673215282,0
241,Imagine Organic Creamy Sweet Pea Soup 32 oz,3000,Glomarket,glomarket:10049199,https://item.rakuten.co.jp/glomarket/10049199/?rafcid=wsc_i_is_1023124763673215282,0
242,森永製菓 チョコレートシロップ 200g×40本入｜ 送料無料 ケーキシロップ シロップ お菓子 おやつ 菓子材料,12074,飲料 食品専門店 味園サポート,misono-support:10011461,https://item.rakuten.co.jp/misono-support/b48-48/?rafcid=wsc_i_is_1023124763673215282,0
243,【ふるさと納税】明治ザ・カカオ ナッティカカオ 42g×56箱 お菓子 おやつ チョコレート チョコ カカオ 高カカオ カカオ70％以上 70 以上 70％ 大容量 小分け 個包装 景品 人気 定番 おすすめ 明治 大阪府高槻市/株式会社 丸正高木商店[AOAA033],60000,大阪府高槻市,f272078-takatsuki:10001603,https://item.rakuten.co.jp/f272078-takatsuki/aoaa033/?rafcid=wsc_i_is_1023124763673215282,0
244,(賞味期限2025.12.18) 龍屋物産 湘南ゴールドミックスナッツ 50g×6入 (最短当日出荷) (CP) (メール便全国送料無料)*,2230,ゆっくんのお菓子倉庫,takaoka:10064298,https://item.rakuten.co.jp/takaoka/4975374002867-6cpt/?rafcid=wsc_i_is_1023124763673215282,0
245,【18個】 長崎発 たらみ PURE シリーズ ミックス 270g×6個入×3ケース：合計18個 ゼリー 【北海道・沖縄・離島配送不可】,5070,O9ショップ【オーナインショップ】,mrk-09shop:10046584,https://item.rakuten.co.jp/mrk-09shop/h4955129022036-3/?rafcid=wsc_i_is_1023124763673215282,0
246,北海道 グルメ ギフト｜天狗堂宝船きびだんご・もち菓子セット｜｜代引不可｜北海道 産直 お取り寄せ 取寄 お土産 おみやげ,3618,本舗 Online Store,oiwaiya:10181368,https://item.rakuten.co.jp/oiwaiya/fj-25-500711/?rafcid=wsc_i_is_1023124763673215282,0
247,「きつねめん」8枚入り(個包装)箱あり／砂糖菓子 きつね 稲荷 和菓子 珍菓 山形 庄内 鶴岡 特産品 お土産 お取り寄せ,907,庄内観光物産館,shonai-kankobussankan:10001802,https://item.rakuten.co.jp/shonai-kankobussankan/10001802/?rafcid=wsc_i_is_1023124763673215282,0
248,昔づくり玄米おかき いづも美人(古代米)/100g【三和農産】,835,健康ストア　健友館,kenyu-kan:10017740,https://item.rakuten.co.jp/kenyu-kan/009676/?rafcid=wsc_i_is_1023124763673215282,0
249,＼記念品 ギフト　菓子類/【ひとくちゼリー　福岡県産あまおう苺】 お礼/包装対応可,641,記念品・粗品・ノベルティの専門店,soshina:10471865,https://item.rakuten.co.jp/soshina/a25te379560/?rafcid=wsc_i_is_1023124763673215282,0
250,【ふるさと納税】スリムパウンド ピスタチオ 1本 23cm前後 パウンドケーキ スイーツ デザート 洋菓子 お菓子 おやつ ケーキ 冷凍 送料無料,13000,福岡県太宰府市,f402214-dazaifu:10001158,https://item.rakuten.co.jp/f402214-dazaifu/165-1237/?rafcid=wsc_i_is_1023124763673215282,0
251,【香典返し 送料無料】 お菓子 スイーツ 神戸のナチュラルクッキー 36枚 セット 詰め合わせ 昭栄堂製菓 洋菓子 焼き菓子 引き出物 四十九日 引出物 お返し 喪中 法事 お供え物 満中陰志 忌明け 49日 挨拶状 粗供養 品物 お礼 食品 食べ物 個包装 1000円 1500円 KNC-10,1678,ジャストハート 香典返し 法事法要,just-heart:10188368,https://item.rakuten.co.jp/just-heart/knc-10/?rafcid=wsc_i_is_1023124763673215282,0
252,◆3袋セット◆【マルエス】チーズいか 43g×3袋,1450,アローズ楽天市場店,arwss:10014453,https://item.rakuten.co.jp/arwss/80-4978576286981-3-250318/?rafcid=wsc_i_is_1023124763673215282,0
253,大阪京菓 ZRxぼんち　60G つまめるたまねぎせんべい×36個【xea5】【送料無料（沖縄は別途送料）】,10107,大阪京菓楽天市場店,osaka:10372318,https://item.rakuten.co.jp/osaka/4902450205607xea5/?rafcid=wsc_i_is_1023124763673215282,0
254,【スーパーセール限定！ポイント5倍！期間限定！】マルエス 子持ちししゃも 49g X 5 パック ct64130,2690,コスト オンライン 創,soukikaku:10048526,https://item.rakuten.co.jp/soukikaku/ct64130/?rafcid=wsc_i_is_1023124763673215282,0
255,カララカ　タオルバスマットグレイ 贈答品 ギフト 贈り物,4760,Shop-Polori 楽天市場店,polori:10039122,https://item.rakuten.co.jp/polori/shaddy-25-0148-162/?rafcid=wsc_i_is_1023124763673215282,0
256,【ふるさと納税】【栃木県宇都宮産】平干し芋 3kg（150g×20袋）紅はるか,64000,栃木県宇都宮市,f092011-utsunomiya:10001129,https://item.rakuten.co.jp/f092011-utsunomiya/75330-40009914/?rafcid=wsc_i_is_1023124763673215282,0
257,【送料無料】★まとめ買い★　MDホールディングス　大地のブルーチーズナッツクリスピーセサミミックス 59g　×12個【イージャパンモール】,5854,イージャパンアンドカンパニーズ,japan-ds:12208064,https://item.rakuten.co.jp/japan-ds/ms-012-4977856214300m/?rafcid=wsc_i_is_1023124763673215282,0
258,あまおう苺バウムクーヘン＆プチガトー ギフトボックス FAS-20 内祝い お返し ギフトセット 出産内祝い 結婚内祝い 御祝 お供え 御供 お歳暮 御歳暮 七五三内祝 香典返し 粗供養 お歳暮 御歳暮 七五三内祝 快気祝い 快気内祝い,2000,AGコーポレーション,agcoop:10232361,https://item.rakuten.co.jp/agcoop/2p53-099/?rafcid=wsc_i_is_1023124763673215282,0
259,香典返し お供え 御供 仏事 弔事 法要 法事 [ ムーミン ジュース＆スイーツセット MS-20 ]お返し 返礼 返礼品 粗品 粗供養 満中陰志 御霊前 命日 一周忌 三回忌 49日 四十九日 志 偲草 贈答用,2710,香典法要お返し専門ギフトメモリー,funeral-gift:10024213,https://item.rakuten.co.jp/funeral-gift/s220399a086/?rafcid=wsc_i_is_1023124763673215282,0
260,メープルかりんとう 90g×3袋まとめ買いセット 酸化防止剤・保存料不使用 山脇製菓 専門店 かりん糖 メープルシロップ メープルシュガー 和菓子 油菓子 お茶請け お茶菓子 駄菓子 チャック付き袋入り【メール便送料無料】,1080,みどり商店,midorisyoten:10004686,https://item.rakuten.co.jp/midorisyoten/a017-010-027-3m/?rafcid=wsc_i_is_1023124763673215282,0
261,農心　セウカンBLACK（エビセン）72g,278,韓国業務スーパー　KANSHOKU,kanshoku:10000276,https://item.rakuten.co.jp/kanshoku/8801043062183/?rafcid=wsc_i_is_1023124763673215282,0
262,業務用かき氷機用 かき氷250人前セット ヨーグルト6本【業務用】【厨房館】,12635,業務用厨房機器の飲食店厨房館,meicho3:12355541,https://item.rakuten.co.jp/meicho3/207-0245412-017/?rafcid=wsc_i_is_1023124763673215282,0
263,[RDY] [送料無料] カインドバー ピーナッツ バターダークチョコレート グルテンフリー 40g×12本 ナッツバー BE-KIND トランス脂肪酸フリー コーシャー お手軽 ナッツ be-kind kind バー スポーツ ア,6773,Walmart 楽天市場店,walmartofficial:10039306,https://item.rakuten.co.jp/walmartofficial/wv_134302384/?rafcid=wsc_i_is_1023124763673215282,0
264,【送料込み】【ポイントアップ中】【送料無料】ごろっとナッツフィナンシェ&ゴーフレット詰合せギフトセット【出産内祝いギフトに最適です。】【出産祝い 返礼 お返し】【内祝い お返し 手土産 おすすめ 日持ち】,2445,ギフトショップ　メロディ,jhs:10012150,https://item.rakuten.co.jp/jhs/14g0737/?rafcid=wsc_i_is_1023124763673215282,0
265,【1箱売り】金時のさぶ 12枚入り (株)ハタダ| サブレ クッキー 焼き菓子 金時 鳴門金時 さつまいも お菓子 スイーツ ハタダ 愛媛,2080,中国四国のスーパー・フジの通販,the-fuji-2:10002577,https://item.rakuten.co.jp/the-fuji-2/mt-851-4900178014389-1/?rafcid=wsc_i_is_1023124763673215282,0
266,ジッピー・ザ・ドッグ Pez Petz ディスペンサー プラス アムロール バブルガム Zippy the Dog Pez Petz Dispenser plus Amurol Bubble Gum,5718,Glomarket,glomarket:10063221,https://item.rakuten.co.jp/glomarket/10063221/?rafcid=wsc_i_is_1023124763673215282,0
267,ディーンズ・ラウンド・チョコチップ・バルク1000g(100個) 業務用 喫茶 CAFF,8856,Tea time master,teatimemaster:10000927,https://item.rakuten.co.jp/teatimemaster/24082201/?rafcid=wsc_i_is_1023124763673215282,0
268,《冷凍》 ヤヨイサンフーズ ミニおはぎ40きなこ 400G・10個 学校給食 業務用,1450,学校給食の問屋　美濃忠,chibaminochu:10000440,https://item.rakuten.co.jp/chibaminochu/70021851/?rafcid=wsc_i_is_1023124763673215282,0
269,ロッテ コアラのマーチ いちご 10入【駄菓子 通販 おやつ 子供会 景品 お祭り くじ引き 縁日 バレンタイン】,1652,駄菓子・イベント用品　あおい玩具,aoigangu:10002535,https://item.rakuten.co.jp/aoigangu/ty174/?rafcid=wsc_i_is_1023124763673215282,0
270,パリッとタイム 韓国海苔煎餅 100枚入り ct43012,1969,Mielina days,neer25:10001789,https://item.rakuten.co.jp/neer25/ct43012/?rafcid=wsc_i_is_1023124763673215282,0
271,大阪京菓 ZRx戸田屋　173G しなのミックス×48個【xra5】【送料無料（沖縄は別途送料）】,18963,大阪京菓楽天市場店,osaka:10372195,https://item.rakuten.co.jp/osaka/4901918157793xra5/?rafcid=wsc_i_is_1023124763673215282,0
272,【ふるさと納税】 洋菓子 生食感シフォンケーキ ホール5号サイズ（直径15cm）約 380g 1個 [カフェ食堂れんげや 石川県 中能登町 27ah0002] スイーツ 焼き菓子 デザート 米粉,10000,石川県中能登町,f174076-nakanoto:10000238,https://item.rakuten.co.jp/f174076-nakanoto/27ah0002/?rafcid=wsc_i_is_1023124763673215282,0
273,スーパーツール 【個人宅不可】水平横吊りクランプ HPC5N [27-284080],71579,DAISHIN工具箱　楽天市場店,daishinshop:10301155,https://item.rakuten.co.jp/daishinshop/27-284080/?rafcid=wsc_i_is_1023124763673215282,0
274,笹団子 【10個入(5個入×2)】 笹だんご 餅 新潟名物 草餅 あんこ よもぎ ヨモギ 名産 和菓子 だんご お菓子 スイーツ 新潟 お土産 新潟 土産 お中元 ギフト プレゼント 帰省 通販 ご当地 グルメ お取り寄せ 産地直送 送料無料 ギフト,2980,日本海珍味店さとも屋,amal-shop:10000311,https://item.rakuten.co.jp/amal-shop/ssd-x2/?rafcid=wsc_i_is_1023124763673215282,0
275,【ポイント3倍】ゴディバ クッキーアソートメント＆カタログギフトの組合せギフト【出産内祝い 内祝い 御祝い お祝い返し お返し 返礼】【快気内祝い 入学内祝い 結婚内祝い 新築内祝い】【送料込み 送料無料】,10120,BABY-STREET,baby-street:10008264,https://item.rakuten.co.jp/baby-street/20l0536/?rafcid=wsc_i_is_1023124763673215282,0
276,【内祝いギフト 送料無料】カタログギフト＆しっとりふわふわチーズケーキ＆今治タオルの組合せギフト【出産内祝 内祝い お返し 内祝いギフト 送料込み】【結婚内祝い 入学内祝い 快気祝い】【グルメカタログ スイーツ 組み合わせギフト スイーツセット】,10010,赤ちゃんとママの店マリモ,marimo-baby:10051508,https://item.rakuten.co.jp/marimo-baby/1476410-c8/?rafcid=wsc_i_is_1023124763673215282,0
277,【3個セット】 扇雀飴本舗 幻の柑橘 直七のど飴(80g)×3個セット【正規品】【ori】※軽減税率対象品,671,ブルームグリーン,bloomgreen:10535258,https://item.rakuten.co.jp/bloomgreen/8133083/?rafcid=wsc_i_is_1023124763673215282,0
278,【ポイント3倍】なだ万 なだ万監修 輪の絆 和三盆バウムクーヘン【内祝い 内祝いギフト 返礼 お返し】【結婚内祝い 入学内祝い 新築内祝い 快気祝い】【送料込み 送料無料】,2390,BABY-STREET,baby-street:10013536,https://item.rakuten.co.jp/baby-street/24a0206/?rafcid=wsc_i_is_1023124763673215282,0
279,エル・マドロン公式OnlineShop｜アソーテッド クッキー 小箱 7種9枚入｜ TIVOLI ちぼり お菓子 洋菓子 焼き菓子 クッキー 詰め合わせ バター アーモンド キャラメル カカオ ラズベリー ジャム フロランタン 個包装 プレゼント ミルクチョコ ホワイトチョコ チョコレート,540,ちぼりスイーツファクトリー,akaimi:10001879,https://item.rakuten.co.jp/akaimi/d-021/?rafcid=wsc_i_is_1023124763673215282,0
280,ギンビス カリッと濃厚チーズ 4パック 72g 12コ入り 2025/09/08発売 (4901588107364),6443,さんきゅーマーチ,39march:10028515,https://item.rakuten.co.jp/39march/4901588107364/?rafcid=wsc_i_is_1023124763673215282,0
281,金崎製菓 匠の味黒かりんとう 100g×15袋入 金崎のかりんとう【心ばかりですが…クーポンつきます☆】,2780,おかしレンジャー,okasirenjya:10008726,https://item.rakuten.co.jp/okasirenjya/4901412008218/?rafcid=wsc_i_is_1023124763673215282,0
282,ミックスナッツ 4.2kg（700g×6袋） 素焼きアーモンド 生 くるみ 少しの カシューナッツ(ロースト)　 送料無料,15588,ゆみ’s　キッチン,onomichi-8:10001874,https://item.rakuten.co.jp/onomichi-8/6p700mixnt-11060/?rafcid=wsc_i_is_1023124763673215282,0
283,【直送品】 白子のり&マルコメ和風詰合せ SW-20 B1064595【別途送料発生は連絡します】,1358,ヘルシー救急BOX,parusu:11349827,https://item.rakuten.co.jp/parusu/urawor-b1064595/?rafcid=wsc_i_is_1023124763673215282,0
284,結心　幸せの輪うさぎ,1100,結婚式・プチギフト店　まんぞく屋,tongari-r:10008775,https://item.rakuten.co.jp/tongari-r/shady-25-7347-039/?rafcid=wsc_i_is_1023124763673215282,0
285,【24袋】バールセン ズービスケットミニ　ココア 30g,5656,カナディアン　ギャラリー,canada:10011348,https://item.rakuten.co.jp/canada/kt-252106-24/?rafcid=wsc_i_is_1023124763673215282,0
286,北海道産小豆使用　くるみ饅頭　8個入れ,1555,札幌餅の美好屋,miyoshiya-mochi:10000026,https://item.rakuten.co.jp/miyoshiya-mochi/kusumim-03/?rafcid=wsc_i_is_1023124763673215282,0
287,"Emerald Nuts Dry Roasted Almonds (1-Pack) 5 Oz Resealable Bag Kosher Certified, Non-GMO, Contains No Artificial Preservatives, Flavors or Synthetic Colors",2469,Glomarket,glomarket:11088207,https://item.rakuten.co.jp/glomarket/11088207/?rafcid=wsc_i_is_1023124763673215282,0
288,【送料込・まとめ買い×10個セット】サラヤ ラカント カロリーゼロ飴 いちごミルク味 60g,3685,姫路流通センター,at-life:12595007,https://item.rakuten.co.jp/at-life/103-4973512280399-10/?rafcid=wsc_i_is_1023124763673215282,0
289,【ふるさと納税】 かもめの玉子ミニ 8個入 × 30箱セット (計240個) かめものたまご ミニ 銘菓 一口 小分け 白あん ホワイトチョコ かもめの玉子,104000,岩手県大船渡市,f032034-ofunato:10000985,https://item.rakuten.co.jp/f032034-ofunato/kamome09/?rafcid=wsc_i_is_1023124763673215282,0
290,【ふるさと納税】羽出木総合農場直営!イタリアンジェラート120ml　8種詰合わせ_ ジェラート セット 詰め合わせ 8種 アイス スイーツ デザート ミルク 抹茶 チョコ ラズベリー きなこ カフェラッテ ロイヤルミルクティー 岡山県 津山市 【配送不可地域：離島】【1105480】,11000,岡山県津山市,f332038-tsuyama:10000060,https://item.rakuten.co.jp/f332038-tsuyama/1105480/?rafcid=wsc_i_is_1023124763673215282,0
291,オーサワのVEGAN PROTEIN BAR(オーツ麦)小麦不使用/2本(約60g) for Vegan,379,健康ストア　健友館,kenyu-kan:10021946,https://item.rakuten.co.jp/kenyu-kan/004360/?rafcid=wsc_i_is_1023124763673215282,0
292,ブルーベリー　700g　【アメリカ産】　ドライフルーツ　(カルチベイト種)　　【送料無料】,3980,electric toys 楽天市場店,electrictoys:10004346,https://item.rakuten.co.jp/electrictoys/10004346/?rafcid=wsc_i_is_1023124763673215282,0
293,送料無料 ヨコオ カスタードプリン 240g×6個,1296,御用蔵 大川,okawa-shop:10024822,https://item.rakuten.co.jp/okawa-shop/4952794816571-6/?rafcid=wsc_i_is_1023124763673215282,0
294,内祝い お返し スイーツ ギフト かりんとう セット 詰め合わせ お菓子 和菓子 黒ごま 黒糖 牛乳 ピーナッツ かわいい 個包装 食品 食べ物 出産内祝い 結婚内祝い 結婚祝い 出産祝い 引き出物 香典返し 快気祝い お祝い返し 引越し 挨拶 お礼 AY-AO,906,ハローベビー 内祝い お返しギフト,happy-hellobaby:10228803,https://item.rakuten.co.jp/happy-hellobaby/trgcb141-010/?rafcid=wsc_i_is_1023124763673215282,0
295,北海道3種の彩りプリンセット 440191,6177,ダイニングマート,diningmart:10236012,https://item.rakuten.co.jp/diningmart/ap4260-018/?rafcid=wsc_i_is_1023124763673215282,0
296,はらぺこあおむし おやつアソート HA-5S (HA-5S),964,イースクエア,e-squ:13842821,https://item.rakuten.co.jp/e-squ/b0000054475/?rafcid=wsc_i_is_1023124763673215282,0
297,【送料無料・包装無料・のし無料】メリーチョコレート クッキーコレクション CC-S(B4),3860,トキワダイレクト,digital7:10247998,https://item.rakuten.co.jp/digital7/254188-038apm/?rafcid=wsc_i_is_1023124763673215282,0
298,亀田製菓 ハッピーターン ビッグボックス,765,イーヅカ,interiortool:11093015,https://item.rakuten.co.jp/interiortool/sd250524040/?rafcid=wsc_i_is_1023124763673215282,0
299,大阪京菓 ZRxピュアレ　3000G ミルクハートピローチョコ×1個【xfu】【送料無料（沖縄は別途送料）】,18936,大阪京菓楽天市場店,osaka:10356527,https://item.rakuten.co.jp/osaka/4978589043104x3fus5/?rafcid=wsc_i_is_1023124763673215282,0
300,【送料無料 36個セット】 大塚製薬 ソイジョイ 抹茶＆マカダミア 32g×36個（ 軽減税率対象商品）,5365,ドラッグキリン楽天市場店,drugkirin:10100703,https://item.rakuten.co.jp/drugkirin/4987035617310-36/?rafcid=wsc_i_is_1023124763673215282,0
